Date,HomeTeam,AwayTeam,FTHG,FTAG
2014-08-16,Arsenal,Crystal Palace,2.0,1.0
2014-08-16,Leicester,Everton,2.0,2.0
2014-08-16,Man United,Swansea,1.0,2.0
2014-08-16,QPR,Hull,0.0,1.0
2014-08-16,Stoke,Aston Villa,0.0,1.0
2014-08-16,West Brom,Sunderland,2.0,2.0
2014-08-16,West Ham,Tottenham,0.0,1.0
2014-08-17,Liverpool,Southampton,2.0,1.0
2014-08-17,Newcastle,Man City,0.0,2.0
2014-08-18,Burnley,Chelsea,1.0,3.0
2014-08-23,Aston Villa,Newcastle,0.0,0.0
2014-08-23,Chelsea,Leicester,2.0,0.0
2014-08-23,Crystal Palace,West Ham,1.0,3.0
2014-08-23,Everton,Arsenal,2.0,2.0
2014-08-23,Southampton,West Brom,0.0,0.0
2014-08-23,Swansea,Burnley,1.0,0.0
2014-08-24,Hull,Stoke,1.0,1.0
2014-08-24,Sunderland,Man United,1.0,1.0
2014-08-24,Tottenham,QPR,4.0,0.0
2014-08-25,Man City,Liverpool,3.0,1.0
2014-08-30,Burnley,Man United,0.0,0.0
2014-08-30,Everton,Chelsea,3.0,6.0
2014-08-30,Man City,Stoke,0.0,1.0
2014-08-30,Newcastle,Crystal Palace,3.0,3.0
2014-08-30,QPR,Sunderland,1.0,0.0
2014-08-30,Swansea,West Brom,3.0,0.0
2014-08-30,West Ham,Southampton,1.0,3.0
2014-08-31,Aston Villa,Hull,2.0,1.0
2014-08-31,Leicester,Arsenal,1.0,1.0
2014-08-31,Tottenham,Liverpool,0.0,3.0
2014-09-13,Arsenal,Man City,2.0,2.0
2014-09-13,Chelsea,Swansea,4.0,2.0
2014-09-13,Crystal Palace,Burnley,0.0,0.0
2014-09-13,Liverpool,Aston Villa,0.0,1.0
2014-09-13,Southampton,Newcastle,4.0,0.0
2014-09-13,Stoke,Leicester,0.0,1.0
2014-09-13,Sunderland,Tottenham,2.0,2.0
2014-09-13,West Brom,Everton,0.0,2.0
2014-09-14,Man United,QPR,4.0,0.0
2014-09-15,Hull,West Ham,2.0,2.0
2014-09-20,Aston Villa,Arsenal,0.0,3.0
2014-09-20,Burnley,Sunderland,0.0,0.0
2014-09-20,Newcastle,Hull,2.0,2.0
2014-09-20,QPR,Stoke,2.0,2.0
2014-09-20,Swansea,Southampton,0.0,1.0
2014-09-20,West Ham,Liverpool,3.0,1.0
2014-09-21,Everton,Crystal Palace,2.0,3.0
2014-09-21,Leicester,Man United,5.0,3.0
2014-09-21,Man City,Chelsea,1.0,1.0
2014-09-21,Tottenham,West Brom,0.0,1.0
2014-09-27,Arsenal,Tottenham,1.0,1.0
2014-09-27,Chelsea,Aston Villa,3.0,0.0
2014-09-27,Crystal Palace,Leicester,2.0,0.0
2014-09-27,Hull,Man City,2.0,4.0
2014-09-27,Liverpool,Everton,1.0,1.0
2014-09-27,Man United,West Ham,2.0,1.0
2014-09-27,Southampton,QPR,2.0,1.0
2014-09-27,Sunderland,Swansea,0.0,0.0
2014-09-28,West Brom,Burnley,4.0,0.0
2014-09-29,Stoke,Newcastle,1.0,0.0
2014-10-04,Aston Villa,Man City,0.0,2.0
2014-10-04,Hull,Crystal Palace,2.0,0.0
2014-10-04,Leicester,Burnley,2.0,2.0
2014-10-04,Liverpool,West Brom,2.0,1.0
2014-10-04,Sunderland,Stoke,3.0,1.0
2014-10-04,Swansea,Newcastle,2.0,2.0
2014-10-05,Chelsea,Arsenal,2.0,0.0
2014-10-05,Man United,Everton,2.0,1.0
2014-10-05,Tottenham,Southampton,1.0,0.0
2014-10-05,West Ham,QPR,2.0,0.0
2014-10-18,Arsenal,Hull,2.0,2.0
2014-10-18,Burnley,West Ham,1.0,3.0
2014-10-18,Crystal Palace,Chelsea,1.0,2.0
2014-10-18,Everton,Aston Villa,3.0,0.0
2014-10-18,Man City,Tottenham,4.0,1.0
2014-10-18,Newcastle,Leicester,1.0,0.0
2014-10-18,Southampton,Sunderland,8.0,0.0
2014-10-19,QPR,Liverpool,2.0,3.0
2014-10-19,Stoke,Swansea,2.0,1.0
2014-10-20,West Brom,Man United,2.0,2.0
2014-10-25,Liverpool,Hull,0.0,0.0
2014-10-25,Southampton,Stoke,1.0,0.0
2014-10-25,Sunderland,Arsenal,0.0,2.0
2014-10-25,Swansea,Leicester,2.0,0.0
2014-10-25,West Brom,Crystal Palace,2.0,2.0
2014-10-25,West Ham,Man City,2.0,1.0
2014-10-26,Burnley,Everton,1.0,3.0
2014-10-26,Man United,Chelsea,1.0,1.0
2014-10-26,Tottenham,Newcastle,1.0,2.0
2014-10-27,QPR,Aston Villa,2.0,0.0
2014-11-01,Arsenal,Burnley,3.0,0.0
2014-11-01,Chelsea,QPR,2.0,1.0
2014-11-01,Everton,Swansea,0.0,0.0
2014-11-01,Hull,Southampton,0.0,1.0
2014-11-01,Leicester,West Brom,0.0,1.0
2014-11-01,Newcastle,Liverpool,1.0,0.0
2014-11-01,Stoke,West Ham,2.0,2.0
2014-11-02,Aston Villa,Tottenham,1.0,2.0
2014-11-02,Man City,Man United,1.0,0.0
2014-11-03,Crystal Palace,Sunderland,1.0,3.0
2014-11-08,Burnley,Hull,1.0,0.0
2014-11-08,Liverpool,Chelsea,1.0,2.0
2014-11-08,Man United,Crystal Palace,1.0,0.0
2014-11-08,QPR,Man City,2.0,2.0
2014-11-08,Southampton,Leicester,2.0,0.0
2014-11-08,West Ham,Aston Villa,0.0,0.0
2014-11-09,Sunderland,Everton,1.0,1.0
2014-11-09,Swansea,Arsenal,2.0,1.0
2014-11-09,Tottenham,Stoke,1.0,2.0
2014-11-09,West Brom,Newcastle,0.0,2.0
2014-11-22,Arsenal,Man United,1.0,2.0
2014-11-22,Chelsea,West Brom,2.0,0.0
2014-11-22,Everton,West Ham,2.0,1.0
2014-11-22,Leicester,Sunderland,0.0,0.0
2014-11-22,Man City,Swansea,2.0,1.0
2014-11-22,Newcastle,QPR,1.0,0.0
2014-11-22,Stoke,Burnley,1.0,2.0
2014-11-23,Crystal Palace,Liverpool,3.0,1.0
2014-11-23,Hull,Tottenham,1.0,2.0
2014-11-24,Aston Villa,Southampton,1.0,1.0
2014-11-29,Burnley,Aston Villa,1.0,1.0
2014-11-29,Liverpool,Stoke,1.0,0.0
2014-11-29,Man United,Hull,3.0,0.0
2014-11-29,QPR,Leicester,3.0,2.0
2014-11-29,Sunderland,Chelsea,0.0,0.0
2014-11-29,Swansea,Crystal Palace,1.0,1.0
2014-11-29,West Brom,Arsenal,0.0,1.0
2014-11-29,West Ham,Newcastle,1.0,0.0
2014-11-30,Southampton,Man City,0.0,3.0
2014-11-30,Tottenham,Everton,2.0,1.0
2014-12-02,Burnley,Newcastle,1.0,1.0
2014-12-02,Crystal Palace,Aston Villa,0.0,1.0
2014-12-02,Leicester,Liverpool,1.0,3.0
2014-12-02,Man United,Stoke,2.0,1.0
2014-12-02,Swansea,QPR,2.0,0.0
2014-12-02,West Brom,West Ham,1.0,2.0
2014-12-03,Arsenal,Southampton,1.0,0.0
2014-12-03,Chelsea,Tottenham,3.0,0.0
2014-12-03,Everton,Hull,1.0,1.0
2014-12-03,Sunderland,Man City,1.0,4.0
2014-12-06,Hull,West Brom,0.0,0.0
2014-12-06,Liverpool,Sunderland,0.0,0.0
2014-12-06,Man City,Everton,1.0,0.0
2014-12-06,Newcastle,Chelsea,2.0,1.0
2014-12-06,QPR,Burnley,2.0,0.0
2014-12-06,Stoke,Arsenal,3.0,2.0
2014-12-06,Tottenham,Crystal Palace,0.0,0.0
2014-12-07,Aston Villa,Leicester,2.0,1.0
2014-12-07,West Ham,Swansea,3.0,1.0
2014-12-08,Southampton,Man United,1.0,2.0
2014-12-13,Arsenal,Newcastle,4.0,1.0
2014-12-13,Burnley,Southampton,1.0,0.0
2014-12-13,Chelsea,Hull,2.0,0.0
2014-12-13,Crystal Palace,Stoke,1.0,1.0
2014-12-13,Leicester,Man City,0.0,1.0
2014-12-13,Sunderland,West Ham,1.0,1.0
2014-12-13,West Brom,Aston Villa,1.0,0.0
2014-12-14,Man United,Liverpool,3.0,0.0
2014-12-14,Swansea,Tottenham,1.0,2.0
2014-12-15,Everton,QPR,3.0,1.0
2014-12-20,Aston Villa,Man United,1.0,1.0
2014-12-20,Hull,Swansea,0.0,1.0
2014-12-20,Man City,Crystal Palace,3.0,0.0
2014-12-20,QPR,West Brom,3.0,2.0
2014-12-20,Southampton,Everton,3.0,0.0
2014-12-20,Tottenham,Burnley,2.0,1.0
2014-12-20,West Ham,Leicester,2.0,0.0
2014-12-21,Liverpool,Arsenal,2.0,2.0
2014-12-21,Newcastle,Sunderland,0.0,1.0
2014-12-22,Stoke,Chelsea,0.0,2.0
2014-12-26,Arsenal,QPR,2.0,1.0
2014-12-26,Burnley,Liverpool,0.0,1.0
2014-12-26,Chelsea,West Ham,2.0,0.0
2014-12-26,Crystal Palace,Southampton,1.0,3.0
2014-12-26,Everton,Stoke,0.0,1.0
2014-12-26,Leicester,Tottenham,1.0,2.0
2014-12-26,Man United,Newcastle,3.0,1.0
2014-12-26,Sunderland,Hull,1.0,3.0
2014-12-26,Swansea,Aston Villa,1.0,0.0
2014-12-26,West Brom,Man City,1.0,3.0
2014-12-28,Aston Villa,Sunderland,0.0,0.0
2014-12-28,Hull,Leicester,0.0,1.0
2014-12-28,Man City,Burnley,2.0,2.0
2014-12-28,Newcastle,Everton,3.0,2.0
2014-12-28,QPR,Crystal Palace,0.0,0.0
2014-12-28,Southampton,Chelsea,1.0,1.0
2014-12-28,Stoke,West Brom,2.0,0.0
2014-12-28,Tottenham,Man United,0.0,0.0
2014-12-28,West Ham,Arsenal,1.0,2.0
2014-12-29,Liverpool,Swansea,4.0,1.0
2015-01-01,Aston Villa,Crystal Palace,0.0,0.0
2015-01-01,Hull,Everton,2.0,0.0
2015-01-01,Liverpool,Leicester,2.0,2.0
2015-01-01,Man City,Sunderland,3.0,2.0
2015-01-01,Newcastle,Burnley,3.0,3.0
2015-01-01,QPR,Swansea,1.0,1.0
2015-01-01,Southampton,Arsenal,2.0,0.0
2015-01-01,Stoke,Man United,1.0,1.0
2015-01-01,Tottenham,Chelsea,5.0,3.0
2015-01-01,West Ham,West Brom,1.0,1.0
2015-01-10,Burnley,QPR,2.0,1.0
2015-01-10,Chelsea,Newcastle,2.0,0.0
2015-01-10,Crystal Palace,Tottenham,2.0,1.0
2015-01-10,Everton,Man City,1.0,1.0
2015-01-10,Leicester,Aston Villa,1.0,0.0
2015-01-10,Sunderland,Liverpool,0.0,1.0
2015-01-10,Swansea,West Ham,1.0,1.0
2015-01-10,West Brom,Hull,1.0,0.0
2015-01-11,Arsenal,Stoke,3.0,0.0
2015-01-11,Man United,Southampton,0.0,1.0
2015-01-17,Aston Villa,Liverpool,0.0,2.0
2015-01-17,Burnley,Crystal Palace,2.0,3.0
2015-01-17,Leicester,Stoke,0.0,1.0
2015-01-17,Newcastle,Southampton,1.0,2.0
2015-01-17,QPR,Man United,0.0,2.0
2015-01-17,Swansea,Chelsea,0.0,5.0
2015-01-17,Tottenham,Sunderland,2.0,1.0
2015-01-18,Man City,Arsenal,0.0,2.0
2015-01-18,West Ham,Hull,3.0,0.0
2015-01-19,Everton,West Brom,0.0,0.0
2015-01-31,Chelsea,Man City,1.0,1.0
2015-01-31,Crystal Palace,Everton,0.0,1.0
2015-01-31,Hull,Newcastle,0.0,3.0
2015-01-31,Liverpool,West Ham,2.0,0.0
2015-01-31,Man United,Leicester,3.0,1.0
2015-01-31,Stoke,QPR,3.0,1.0
2015-01-31,Sunderland,Burnley,2.0,0.0
2015-01-31,West Brom,Tottenham,0.0,3.0
2015-02-01,Arsenal,Aston Villa,5.0,0.0
2015-02-01,Southampton,Swansea,0.0,1.0
2015-02-07,Aston Villa,Chelsea,1.0,2.0
2015-02-07,Everton,Liverpool,0.0,0.0
2015-02-07,Leicester,Crystal Palace,0.0,1.0
2015-02-07,Man City,Hull,1.0,1.0
2015-02-07,QPR,Southampton,0.0,1.0
2015-02-07,Swansea,Sunderland,1.0,1.0
2015-02-07,Tottenham,Arsenal,2.0,1.0
2015-02-08,Burnley,West Brom,2.0,2.0
2015-02-08,Newcastle,Stoke,1.0,1.0
2015-02-08,West Ham,Man United,1.0,1.0
2015-02-10,Arsenal,Leicester,2.0,1.0
2015-02-10,Hull,Aston Villa,2.0,0.0
2015-02-10,Liverpool,Tottenham,3.0,2.0
2015-02-10,Sunderland,QPR,0.0,2.0
2015-02-11,Chelsea,Everton,1.0,0.0
2015-02-11,Crystal Palace,Newcastle,1.0,1.0
2015-02-11,Man United,Burnley,3.0,1.0
2015-02-11,Southampton,West Ham,0.0,0.0
2015-02-11,Stoke,Man City,1.0,4.0
2015-02-11,West Brom,Swansea,2.0,0.0
2015-02-21,Aston Villa,Stoke,1.0,2.0
2015-02-21,Chelsea,Burnley,1.0,1.0
2015-02-21,Crystal Palace,Arsenal,1.0,2.0
2015-02-21,Hull,QPR,2.0,1.0
2015-02-21,Man City,Newcastle,5.0,0.0
2015-02-21,Sunderland,West Brom,0.0,0.0
2015-02-21,Swansea,Man United,2.0,1.0
2015-02-22,Everton,Leicester,2.0,2.0
2015-02-22,Southampton,Liverpool,0.0,2.0
2015-02-22,Tottenham,West Ham,2.0,2.0
2015-02-28,Burnley,Swansea,0.0,1.0
2015-02-28,Man United,Sunderland,2.0,0.0
2015-02-28,Newcastle,Aston Villa,1.0,0.0
2015-02-28,Stoke,Hull,1.0,0.0
2015-02-28,West Brom,Southampton,1.0,0.0
2015-02-28,West Ham,Crystal Palace,1.0,3.0
2015-03-01,Arsenal,Everton,2.0,0.0
2015-03-01,Liverpool,Man City,2.0,1.0
2015-03-03,Aston Villa,West Brom,2.0,1.0
2015-03-03,Hull,Sunderland,1.0,1.0
2015-03-03,Southampton,Crystal Palace,1.0,0.0
2015-03-04,Liverpool,Burnley,2.0,0.0
2015-03-04,Man City,Leicester,2.0,0.0
2015-03-04,Newcastle,Man United,0.0,1.0
2015-03-04,QPR,Arsenal,1.0,2.0
2015-03-04,Stoke,Everton,2.0,0.0
2015-03-04,Tottenham,Swansea,3.0,2.0
2015-03-04,West Ham,Chelsea,0.0,1.0
2015-03-07,QPR,Tottenham,1.0,2.0
2015-03-14,Arsenal,West Ham,3.0,0.0
2015-03-14,Burnley,Man City,1.0,0.0
2015-03-14,Crystal Palace,QPR,3.0,1.0
2015-03-14,Leicester,Hull,0.0,0.0
2015-03-14,Sunderland,Aston Villa,0.0,4.0
2015-03-14,West Brom,Stoke,1.0,0.0
2015-03-15,Chelsea,Southampton,1.0,1.0
2015-03-15,Everton,Newcastle,3.0,0.0
2015-03-15,Man United,Tottenham,3.0,0.0
2015-03-16,Swansea,Liverpool,0.0,1.0
2015-03-21,Aston Villa,Swansea,0.0,1.0
2015-03-21,Man City,West Brom,3.0,0.0
2015-03-21,Newcastle,Arsenal,1.0,2.0
2015-03-21,Southampton,Burnley,2.0,0.0
2015-03-21,Stoke,Crystal Palace,1.0,2.0
2015-03-21,Tottenham,Leicester,4.0,3.0
2015-03-21,West Ham,Sunderland,1.0,0.0
2015-03-22,Hull,Chelsea,2.0,3.0
2015-03-22,Liverpool,Man United,1.0,2.0
2015-03-22,QPR,Everton,1.0,2.0
2015-04-04,Arsenal,Liverpool,4.0,1.0
2015-04-04,Chelsea,Stoke,2.0,1.0
2015-04-04,Everton,Southampton,1.0,0.0
2015-04-04,Leicester,West Ham,2.0,1.0
2015-04-04,Man United,Aston Villa,3.0,1.0
2015-04-04,Swansea,Hull,3.0,1.0
2015-04-04,West Brom,QPR,1.0,4.0
2015-04-05,Burnley,Tottenham,0.0,0.0
2015-04-05,Sunderland,Newcastle,1.0,0.0
2015-04-06,Crystal Palace,Man City,2.0,1.0
2015-04-07,Aston Villa,QPR,3.0,3.0
2015-04-11,Burnley,Arsenal,0.0,1.0
2015-04-11,Southampton,Hull,2.0,0.0
2015-04-11,Sunderland,Crystal Palace,1.0,4.0
2015-04-11,Swansea,Everton,1.0,1.0
2015-04-11,Tottenham,Aston Villa,0.0,1.0
2015-04-11,West Brom,Leicester,2.0,3.0
2015-04-11,West Ham,Stoke,1.0,1.0
2015-04-12,Man United,Man City,4.0,2.0
2015-04-12,QPR,Chelsea,0.0,1.0
2015-04-13,Liverpool,Newcastle,2.0,0.0
2015-04-18,Chelsea,Man United,1.0,0.0
2015-04-18,Crystal Palace,West Brom,0.0,2.0
2015-04-18,Everton,Burnley,1.0,0.0
2015-04-18,Leicester,Swansea,2.0,0.0
2015-04-18,Stoke,Southampton,2.0,1.0
2015-04-19,Man City,West Ham,2.0,0.0
2015-04-19,Newcastle,Tottenham,1.0,3.0
2015-04-25,Burnley,Leicester,0.0,1.0
2015-04-25,Crystal Palace,Hull,0.0,2.0
2015-04-25,Man City,Aston Villa,3.0,2.0
2015-04-25,Newcastle,Swansea,2.0,3.0
2015-04-25,QPR,West Ham,0.0,0.0
2015-04-25,Southampton,Tottenham,2.0,2.0
2015-04-25,Stoke,Sunderland,1.0,1.0
2015-04-25,West Brom,Liverpool,0.0,0.0
2015-04-26,Arsenal,Chelsea,0.0,0.0
2015-04-26,Everton,Man United,3.0,0.0
2015-04-28,Hull,Liverpool,1.0,0.0
2015-04-29,Leicester,Chelsea,1.0,3.0
2015-05-02,Aston Villa,Everton,3.0,2.0
2015-05-02,Leicester,Newcastle,3.0,0.0
2015-05-02,Liverpool,QPR,2.0,1.0
2015-05-02,Man United,West Brom,0.0,1.0
2015-05-02,Sunderland,Southampton,2.0,1.0
2015-05-02,Swansea,Stoke,2.0,0.0
2015-05-02,West Ham,Burnley,1.0,0.0
2015-05-03,Chelsea,Crystal Palace,1.0,0.0
2015-05-03,Tottenham,Man City,0.0,1.0
2015-05-04,Hull,Arsenal,1.0,3.0
2015-05-09,Aston Villa,West Ham,1.0,0.0
2015-05-09,Crystal Palace,Man United,1.0,2.0
2015-05-09,Everton,Sunderland,0.0,2.0
2015-05-09,Hull,Burnley,0.0,1.0
2015-05-09,Leicester,Southampton,2.0,0.0
2015-05-09,Newcastle,West Brom,1.0,1.0
2015-05-09,Stoke,Tottenham,3.0,0.0
2015-05-10,Chelsea,Liverpool,1.0,1.0
2015-05-10,Man City,QPR,6.0,0.0
2015-05-11,Arsenal,Swansea,0.0,1.0
2015-05-16,Burnley,Stoke,0.0,0.0
2015-05-16,Liverpool,Crystal Palace,1.0,3.0
2015-05-16,QPR,Newcastle,2.0,1.0
2015-05-16,Southampton,Aston Villa,6.0,1.0
2015-05-16,Sunderland,Leicester,0.0,0.0
2015-05-16,Tottenham,Hull,2.0,0.0
2015-05-16,West Ham,Everton,1.0,2.0
2015-05-17,Man United,Arsenal,1.0,1.0
2015-05-17,Swansea,Man City,2.0,4.0
2015-05-18,West Brom,Chelsea,3.0,0.0
2015-05-20,Arsenal,Sunderland,0.0,0.0
2015-05-24,Arsenal,West Brom,4.0,1.0
2015-05-24,Aston Villa,Burnley,0.0,1.0
2015-05-24,Chelsea,Sunderland,3.0,1.0
2015-05-24,Crystal Palace,Swansea,1.0,0.0
2015-05-24,Everton,Tottenham,0.0,1.0
2015-05-24,Hull,Man United,0.0,0.0
2015-05-24,Leicester,QPR,5.0,1.0
2015-05-24,Man City,Southampton,2.0,0.0
2015-05-24,Newcastle,West Ham,2.0,0.0
2015-05-24,Stoke,Liverpool,6.0,1.0
,,,,
2015-08-08,Bournemouth,Aston Villa,0.0,1.0
2015-08-08,Chelsea,Swansea,2.0,2.0
2015-08-08,Everton,Watford,2.0,2.0
2015-08-08,Leicester,Sunderland,4.0,2.0
2015-08-08,Man United,Tottenham,1.0,0.0
2015-08-08,Norwich,Crystal Palace,1.0,3.0
2015-08-09,Arsenal,West Ham,0.0,2.0
2015-08-09,Newcastle,Southampton,2.0,2.0
2015-08-09,Stoke,Liverpool,0.0,1.0
2015-08-10,West Brom,Man City,0.0,3.0
2015-08-14,Aston Villa,Man United,0.0,1.0
2015-08-15,Southampton,Everton,0.0,3.0
2015-08-15,Sunderland,Norwich,1.0,3.0
2015-08-15,Swansea,Newcastle,2.0,0.0
2015-08-15,Tottenham,Stoke,2.0,2.0
2015-08-15,Watford,West Brom,0.0,0.0
2015-08-15,West Ham,Leicester,1.0,2.0
2015-08-16,Crystal Palace,Arsenal,1.0,2.0
2015-08-16,Man City,Chelsea,3.0,0.0
2015-08-17,Liverpool,Bournemouth,1.0,0.0
2015-08-22,Crystal Palace,Aston Villa,2.0,1.0
2015-08-22,Leicester,Tottenham,1.0,1.0
2015-08-22,Man United,Newcastle,0.0,0.0
2015-08-22,Norwich,Stoke,1.0,1.0
2015-08-22,Sunderland,Swansea,1.0,1.0
2015-08-22,West Ham,Bournemouth,3.0,4.0
2015-08-23,Everton,Man City,0.0,2.0
2015-08-23,Watford,Southampton,0.0,0.0
2015-08-23,West Brom,Chelsea,2.0,3.0
2015-08-24,Arsenal,Liverpool,0.0,0.0
2015-08-29,Aston Villa,Sunderland,2.0,2.0
2015-08-29,Bournemouth,Leicester,1.0,1.0
2015-08-29,Chelsea,Crystal Palace,1.0,2.0
2015-08-29,Liverpool,West Ham,0.0,3.0
2015-08-29,Man City,Watford,2.0,0.0
2015-08-29,Newcastle,Arsenal,0.0,1.0
2015-08-29,Stoke,West Brom,0.0,1.0
2015-08-29,Tottenham,Everton,0.0,0.0
2015-08-30,Southampton,Norwich,3.0,0.0
2015-08-30,Swansea,Man United,2.0,1.0
2015-09-12,Arsenal,Stoke,2.0,0.0
2015-09-12,Crystal Palace,Man City,0.0,1.0
2015-09-12,Everton,Chelsea,3.0,1.0
2015-09-12,Man United,Liverpool,3.0,1.0
2015-09-12,Norwich,Bournemouth,3.0,1.0
2015-09-12,Watford,Swansea,1.0,0.0
2015-09-12,West Brom,Southampton,0.0,0.0
2015-09-13,Leicester,Aston Villa,3.0,2.0
2015-09-13,Sunderland,Tottenham,0.0,1.0
2015-09-14,West Ham,Newcastle,2.0,0.0
2015-09-19,Aston Villa,West Brom,0.0,1.0
2015-09-19,Bournemouth,Sunderland,2.0,0.0
2015-09-19,Chelsea,Arsenal,2.0,0.0
2015-09-19,Man City,West Ham,1.0,2.0
2015-09-19,Newcastle,Watford,1.0,2.0
2015-09-19,Stoke,Leicester,2.0,2.0
2015-09-19,Swansea,Everton,0.0,0.0
2015-09-20,Liverpool,Norwich,1.0,1.0
2015-09-20,Southampton,Man United,2.0,3.0
2015-09-20,Tottenham,Crystal Palace,1.0,0.0
2015-09-26,Leicester,Arsenal,2.0,5.0
2015-09-26,Liverpool,Aston Villa,3.0,2.0
2015-09-26,Man United,Sunderland,3.0,0.0
2015-09-26,Newcastle,Chelsea,2.0,2.0
2015-09-26,Southampton,Swansea,3.0,1.0
2015-09-26,Stoke,Bournemouth,2.0,1.0
2015-09-26,Tottenham,Man City,4.0,1.0
2015-09-26,West Ham,Norwich,2.0,2.0
2015-09-27,Watford,Crystal Palace,0.0,1.0
2015-09-28,West Brom,Everton,2.0,3.0
2015-10-03,Aston Villa,Stoke,0.0,1.0
2015-10-03,Bournemouth,Watford,1.0,1.0
2015-10-03,Chelsea,Southampton,1.0,3.0
2015-10-03,Crystal Palace,West Brom,2.0,0.0
2015-10-03,Man City,Newcastle,6.0,1.0
2015-10-03,Norwich,Leicester,1.0,2.0
2015-10-03,Sunderland,West Ham,2.0,2.0
2015-10-04,Arsenal,Man United,3.0,0.0
2015-10-04,Everton,Liverpool,1.0,1.0
2015-10-04,Swansea,Tottenham,2.0,2.0
2015-10-17,Chelsea,Aston Villa,2.0,0.0
2015-10-17,Crystal Palace,West Ham,1.0,3.0
2015-10-17,Everton,Man United,0.0,3.0
2015-10-17,Man City,Bournemouth,5.0,1.0
2015-10-17,Southampton,Leicester,2.0,2.0
2015-10-17,Tottenham,Liverpool,0.0,0.0
2015-10-17,Watford,Arsenal,0.0,3.0
2015-10-17,West Brom,Sunderland,1.0,0.0
2015-10-18,Newcastle,Norwich,6.0,2.0
2015-10-19,Swansea,Stoke,0.0,1.0
2015-10-24,Arsenal,Everton,2.0,1.0
2015-10-24,Aston Villa,Swansea,1.0,2.0
2015-10-24,Leicester,Crystal Palace,1.0,0.0
2015-10-24,Norwich,West Brom,0.0,1.0
2015-10-24,Stoke,Watford,0.0,2.0
2015-10-24,West Ham,Chelsea,2.0,1.0
2015-10-25,Bournemouth,Tottenham,1.0,5.0
2015-10-25,Liverpool,Southampton,1.0,1.0
2015-10-25,Man United,Man City,0.0,0.0
2015-10-25,Sunderland,Newcastle,3.0,0.0
2015-10-31,Chelsea,Liverpool,1.0,3.0
2015-10-31,Crystal Palace,Man United,0.0,0.0
2015-10-31,Man City,Norwich,2.0,1.0
2015-10-31,Newcastle,Stoke,0.0,0.0
2015-10-31,Swansea,Arsenal,0.0,3.0
2015-10-31,Watford,West Ham,2.0,0.0
2015-10-31,West Brom,Leicester,2.0,3.0
2015-11-01,Everton,Sunderland,6.0,2.0
2015-11-01,Southampton,Bournemouth,2.0,0.0
2015-11-02,Tottenham,Aston Villa,3.0,1.0
2015-11-07,Bournemouth,Newcastle,0.0,1.0
2015-11-07,Leicester,Watford,2.0,1.0
2015-11-07,Man United,West Brom,2.0,0.0
2015-11-07,Norwich,Swansea,1.0,0.0
2015-11-07,Stoke,Chelsea,1.0,0.0
2015-11-07,Sunderland,Southampton,0.0,1.0
2015-11-07,West Ham,Everton,1.0,1.0
2015-11-08,Arsenal,Tottenham,1.0,1.0
2015-11-08,Aston Villa,Man City,0.0,0.0
2015-11-08,Liverpool,Crystal Palace,1.0,2.0
2015-11-21,Chelsea,Norwich,1.0,0.0
2015-11-21,Everton,Aston Villa,4.0,0.0
2015-11-21,Man City,Liverpool,1.0,4.0
2015-11-21,Newcastle,Leicester,0.0,3.0
2015-11-21,Southampton,Stoke,0.0,1.0
2015-11-21,Swansea,Bournemouth,2.0,2.0
2015-11-21,Watford,Man United,1.0,2.0
2015-11-21,West Brom,Arsenal,2.0,1.0
2015-11-22,Tottenham,West Ham,4.0,1.0
2015-11-23,Crystal Palace,Sunderland,0.0,1.0
2015-11-28,Aston Villa,Watford,2.0,3.0
2015-11-28,Bournemouth,Everton,3.0,3.0
2015-11-28,Crystal Palace,Newcastle,5.0,1.0
2015-11-28,Leicester,Man United,1.0,1.0
2015-11-28,Man City,Southampton,3.0,1.0
2015-11-28,Sunderland,Stoke,2.0,0.0
2015-11-29,Liverpool,Swansea,1.0,0.0
2015-11-29,Norwich,Arsenal,1.0,1.0
2015-11-29,Tottenham,Chelsea,0.0,0.0
2015-11-29,West Ham,West Brom,1.0,1.0
2015-12-05,Arsenal,Sunderland,3.0,1.0
2015-12-05,Chelsea,Bournemouth,0.0,1.0
2015-12-05,Man United,West Ham,0.0,0.0
2015-12-05,Southampton,Aston Villa,1.0,1.0
2015-12-05,Stoke,Man City,2.0,0.0
2015-12-05,Swansea,Leicester,0.0,3.0
2015-12-05,Watford,Norwich,2.0,0.0
2015-12-05,West Brom,Tottenham,1.0,1.0
2015-12-06,Newcastle,Liverpool,2.0,0.0
2015-12-07,Everton,Crystal Palace,1.0,1.0
2015-12-12,Bournemouth,Man United,2.0,1.0
2015-12-12,Crystal Palace,Southampton,1.0,0.0
2015-12-12,Man City,Swansea,2.0,1.0
2015-12-12,Norwich,Everton,1.0,1.0
2015-12-12,Sunderland,Watford,0.0,1.0
2015-12-12,West Ham,Stoke,0.0,0.0
2015-12-13,Aston Villa,Arsenal,0.0,2.0
2015-12-13,Liverpool,West Brom,2.0,2.0
2015-12-13,Tottenham,Newcastle,1.0,2.0
2015-12-14,Leicester,Chelsea,2.0,1.0
2015-12-19,Chelsea,Sunderland,3.0,1.0
2015-12-19,Everton,Leicester,2.0,3.0
2015-12-19,Man United,Norwich,1.0,2.0
2015-12-19,Newcastle,Aston Villa,1.0,1.0
2015-12-19,Southampton,Tottenham,0.0,2.0
2015-12-19,Stoke,Crystal Palace,1.0,2.0
2015-12-19,West Brom,Bournemouth,1.0,2.0
2015-12-20,Swansea,West Ham,0.0,0.0
2015-12-20,Watford,Liverpool,3.0,0.0
2015-12-21,Arsenal,Man City,2.0,1.0
2015-12-26,Aston Villa,West Ham,1.0,1.0
2015-12-26,Bournemouth,Crystal Palace,0.0,0.0
2015-12-26,Chelsea,Watford,2.0,2.0
2015-12-26,Liverpool,Leicester,1.0,0.0
2015-12-26,Man City,Sunderland,4.0,1.0
2015-12-26,Newcastle,Everton,0.0,1.0
2015-12-26,Southampton,Arsenal,4.0,0.0
2015-12-26,Stoke,Man United,2.0,0.0
2015-12-26,Swansea,West Brom,1.0,0.0
2015-12-26,Tottenham,Norwich,3.0,0.0
2015-12-28,Arsenal,Bournemouth,2.0,0.0
2015-12-28,Crystal Palace,Swansea,0.0,0.0
2015-12-28,Everton,Stoke,3.0,4.0
2015-12-28,Man United,Chelsea,0.0,0.0
2015-12-28,Norwich,Aston Villa,2.0,0.0
2015-12-28,Watford,Tottenham,1.0,2.0
2015-12-28,West Brom,Newcastle,1.0,0.0
2015-12-28,West Ham,Southampton,2.0,1.0
2015-12-29,Leicester,Man City,0.0,0.0
2015-12-30,Sunderland,Liverpool,0.0,1.0
2016-01-02,Arsenal,Newcastle,1.0,0.0
2016-01-02,Leicester,Bournemouth,0.0,0.0
2016-01-02,Man United,Swansea,2.0,1.0
2016-01-02,Norwich,Southampton,1.0,0.0
2016-01-02,Sunderland,Aston Villa,3.0,1.0
2016-01-02,Watford,Man City,1.0,2.0
2016-01-02,West Brom,Stoke,2.0,1.0
2016-01-02,West Ham,Liverpool,2.0,0.0
2016-01-03,Crystal Palace,Chelsea,0.0,3.0
2016-01-03,Everton,Tottenham,1.0,1.0
2016-01-12,Aston Villa,Crystal Palace,1.0,0.0
2016-01-12,Bournemouth,West Ham,1.0,3.0
2016-01-12,Newcastle,Man United,3.0,3.0
2016-01-13,Chelsea,West Brom,2.0,2.0
2016-01-13,Liverpool,Arsenal,3.0,3.0
2016-01-13,Man City,Everton,0.0,0.0
2016-01-13,Southampton,Watford,2.0,0.0
2016-01-13,Stoke,Norwich,3.0,1.0
2016-01-13,Swansea,Sunderland,2.0,4.0
2016-01-13,Tottenham,Leicester,0.0,1.0
2016-01-16,Aston Villa,Leicester,1.0,1.0
2016-01-16,Bournemouth,Norwich,3.0,0.0
2016-01-16,Chelsea,Everton,3.0,3.0
2016-01-16,Man City,Crystal Palace,4.0,0.0
2016-01-16,Newcastle,West Ham,2.0,1.0
2016-01-16,Southampton,West Brom,3.0,0.0
2016-01-16,Tottenham,Sunderland,4.0,1.0
2016-01-17,Liverpool,Man United,0.0,1.0
2016-01-17,Stoke,Arsenal,0.0,0.0
2016-01-18,Swansea,Watford,1.0,0.0
2016-01-23,Crystal Palace,Tottenham,1.0,3.0
2016-01-23,Leicester,Stoke,3.0,0.0
2016-01-23,Man United,Southampton,0.0,1.0
2016-01-23,Norwich,Liverpool,4.0,5.0
2016-01-23,Sunderland,Bournemouth,1.0,1.0
2016-01-23,Watford,Newcastle,2.0,1.0
2016-01-23,West Brom,Aston Villa,0.0,0.0
2016-01-23,West Ham,Man City,2.0,2.0
2016-01-24,Arsenal,Chelsea,0.0,1.0
2016-01-24,Everton,Swansea,1.0,2.0
2016-02-02,Arsenal,Southampton,0.0,0.0
2016-02-02,Crystal Palace,Bournemouth,1.0,2.0
2016-02-02,Leicester,Liverpool,2.0,0.0
2016-02-02,Man United,Stoke,3.0,0.0
2016-02-02,Norwich,Tottenham,0.0,3.0
2016-02-02,Sunderland,Man City,0.0,1.0
2016-02-02,West Brom,Swansea,1.0,1.0
2016-02-02,West Ham,Aston Villa,2.0,0.0
2016-02-03,Everton,Newcastle,3.0,0.0
2016-02-03,Watford,Chelsea,0.0,0.0
2016-02-06,Aston Villa,Norwich,2.0,0.0
2016-02-06,Liverpool,Sunderland,2.0,2.0
2016-02-06,Man City,Leicester,1.0,3.0
2016-02-06,Newcastle,West Brom,1.0,0.0
2016-02-06,Southampton,West Ham,1.0,0.0
2016-02-06,Stoke,Everton,0.0,3.0
2016-02-06,Swansea,Crystal Palace,1.0,1.0
2016-02-06,Tottenham,Watford,1.0,0.0
2016-02-07,Bournemouth,Arsenal,0.0,2.0
2016-02-07,Chelsea,Man United,1.0,1.0
2016-02-13,Bournemouth,Stoke,1.0,3.0
2016-02-13,Chelsea,Newcastle,5.0,1.0
2016-02-13,Crystal Palace,Watford,1.0,2.0
2016-02-13,Everton,West Brom,0.0,1.0
2016-02-13,Norwich,West Ham,2.0,2.0
2016-02-13,Sunderland,Man United,2.0,1.0
2016-02-13,Swansea,Southampton,0.0,1.0
2016-02-14,Arsenal,Leicester,2.0,1.0
2016-02-14,Aston Villa,Liverpool,0.0,6.0
2016-02-14,Man City,Tottenham,1.0,2.0
2016-02-27,Leicester,Norwich,1.0,0.0
2016-02-27,Southampton,Chelsea,1.0,2.0
2016-02-27,Stoke,Aston Villa,2.0,1.0
2016-02-27,Watford,Bournemouth,0.0,0.0
2016-02-27,West Brom,Crystal Palace,3.0,2.0
2016-02-27,West Ham,Sunderland,1.0,0.0
2016-02-28,Tottenham,Swansea,2.0,1.0
2016-02-28,Man United,Arsenal,3.0,2.0
2016-03-01,Aston Villa,Everton,1.0,3.0
2016-03-01,Bournemouth,Southampton,2.0,0.0
2016-03-01,Leicester,West Brom,2.0,2.0
2016-03-01,Norwich,Chelsea,1.0,2.0
2016-03-01,Sunderland,Crystal Palace,2.0,2.0
2016-03-02,Arsenal,Swansea,1.0,2.0
2016-03-02,Liverpool,Man City,3.0,0.0
2016-03-02,Man United,Watford,1.0,0.0
2016-03-02,Stoke,Newcastle,1.0,0.0
2016-03-02,West Ham,Tottenham,1.0,0.0
2016-03-05,Chelsea,Stoke,1.0,1.0
2016-03-05,Everton,West Ham,2.0,3.0
2016-03-05,Man City,Aston Villa,4.0,0.0
2016-03-05,Newcastle,Bournemouth,1.0,3.0
2016-03-05,Southampton,Sunderland,1.0,1.0
2016-03-05,Swansea,Norwich,1.0,0.0
2016-03-05,Tottenham,Arsenal,2.0,2.0
2016-03-05,Watford,Leicester,0.0,1.0
2016-03-06,Crystal Palace,Liverpool,1.0,2.0
2016-03-06,West Brom,Man United,1.0,0.0
2016-03-12,Bournemouth,Swansea,3.0,2.0
2016-03-12,Norwich,Man City,0.0,0.0
2016-03-12,Stoke,Southampton,1.0,2.0
2016-03-13,Aston Villa,Tottenham,0.0,2.0
2016-03-14,Leicester,Newcastle,1.0,0.0
2016-03-19,Chelsea,West Ham,2.0,2.0
2016-03-19,Crystal Palace,Leicester,0.0,1.0
2016-03-19,Everton,Arsenal,0.0,2.0
2016-03-19,Swansea,Aston Villa,1.0,0.0
2016-03-19,Watford,Stoke,1.0,2.0
2016-03-19,West Brom,Norwich,0.0,1.0
2016-03-20,Man City,Man United,0.0,1.0
2016-03-20,Newcastle,Sunderland,1.0,1.0
2016-03-20,Southampton,Liverpool,3.0,2.0
2016-03-20,Tottenham,Bournemouth,3.0,0.0
2016-04-02,Arsenal,Watford,4.0,0.0
2016-04-02,Aston Villa,Chelsea,0.0,4.0
2016-04-02,Bournemouth,Man City,0.0,4.0
2016-04-02,Liverpool,Tottenham,1.0,1.0
2016-04-02,Norwich,Newcastle,3.0,2.0
2016-04-02,Stoke,Swansea,2.0,2.0
2016-04-02,Sunderland,West Brom,0.0,0.0
2016-04-02,West Ham,Crystal Palace,2.0,2.0
2016-04-03,Leicester,Southampton,1.0,0.0
2016-04-03,Man United,Everton,1.0,0.0
2016-04-09,Aston Villa,Bournemouth,1.0,2.0
2016-04-09,Crystal Palace,Norwich,1.0,0.0
2016-04-09,Man City,West Brom,2.0,1.0
2016-04-09,Southampton,Newcastle,3.0,1.0
2016-04-09,Swansea,Chelsea,1.0,0.0
2016-04-09,Watford,Everton,1.0,1.0
2016-04-09,West Ham,Arsenal,3.0,3.0
2016-04-10,Liverpool,Stoke,4.0,1.0
2016-04-10,Sunderland,Leicester,0.0,2.0
2016-04-10,Tottenham,Man United,3.0,0.0
2016-04-13,Crystal Palace,Everton,0.0,0.0
2016-04-16,Chelsea,Man City,0.0,3.0
2016-04-16,Everton,Southampton,1.0,1.0
2016-04-16,Man United,Aston Villa,1.0,0.0
2016-04-16,Newcastle,Swansea,3.0,0.0
2016-04-16,Norwich,Sunderland,0.0,3.0
2016-04-16,West Brom,Watford,0.0,1.0
2016-04-17,Arsenal,Crystal Palace,1.0,1.0
2016-04-17,Bournemouth,Liverpool,1.0,2.0
2016-04-17,Leicester,West Ham,2.0,2.0
2016-04-18,Stoke,Tottenham,0.0,4.0
2016-04-19,Newcastle,Man City,1.0,1.0
2016-04-20,Liverpool,Everton,4.0,0.0
2016-04-20,Man United,Crystal Palace,2.0,0.0
2016-04-20,West Ham,Watford,3.0,1.0
2016-04-21,Arsenal,West Brom,2.0,0.0
2016-04-23,Aston Villa,Southampton,2.0,4.0
2016-04-23,Bournemouth,Chelsea,1.0,4.0
2016-04-23,Liverpool,Newcastle,2.0,2.0
2016-04-23,Man City,Stoke,4.0,0.0
2016-04-24,Leicester,Swansea,4.0,0.0
2016-04-24,Sunderland,Arsenal,0.0,0.0
2016-04-25,Tottenham,West Brom,1.0,1.0
2016-04-30,Arsenal,Norwich,1.0,0.0
2016-04-30,Everton,Bournemouth,2.0,1.0
2016-04-30,Newcastle,Crystal Palace,1.0,0.0
2016-04-30,Stoke,Sunderland,1.0,1.0
2016-04-30,Watford,Aston Villa,3.0,2.0
2016-04-30,West Brom,West Ham,0.0,3.0
2016-05-01,Man United,Leicester,1.0,1.0
2016-05-01,Southampton,Man City,4.0,2.0
2016-05-01,Swansea,Liverpool,3.0,1.0
2016-05-02,Chelsea,Tottenham,2.0,2.0
2016-05-07,Aston Villa,Newcastle,0.0,0.0
2016-05-07,Bournemouth,West Brom,1.0,1.0
2016-05-07,Crystal Palace,Stoke,2.0,1.0
2016-05-07,Leicester,Everton,3.0,1.0
2016-05-07,Norwich,Man United,0.0,1.0
2016-05-07,Sunderland,Chelsea,3.0,2.0
2016-05-07,West Ham,Swansea,1.0,4.0
2016-05-08,Liverpool,Watford,2.0,0.0
2016-05-08,Man City,Arsenal,2.0,2.0
2016-05-08,Tottenham,Southampton,1.0,2.0
2016-05-10,West Ham,Man United,3.0,2.0
2016-05-11,Liverpool,Chelsea,1.0,1.0
2016-05-11,Norwich,Watford,4.0,2.0
2016-05-11,Sunderland,Everton,3.0,0.0
2016-05-15,Arsenal,Aston Villa,4.0,0.0
2016-05-15,Chelsea,Leicester,1.0,1.0
2016-05-15,Everton,Norwich,3.0,0.0
2016-05-15,Newcastle,Tottenham,5.0,1.0
2016-05-15,Southampton,Crystal Palace,4.0,1.0
2016-05-15,Stoke,West Ham,2.0,1.0
2016-05-15,Swansea,Man City,1.0,1.0
2016-05-15,Watford,Sunderland,2.0,2.0
2016-05-15,West Brom,Liverpool,1.0,1.0
2016-05-17,Man United,Bournemouth,3.0,1.0
2016-08-13,Burnley,Swansea,0.0,1.0
2016-08-13,Crystal Palace,West Brom,0.0,1.0
2016-08-13,Everton,Tottenham,1.0,1.0
2016-08-13,Hull,Leicester,2.0,1.0
2016-08-13,Man City,Sunderland,2.0,1.0
2016-08-13,Middlesbrough,Stoke,1.0,1.0
2016-08-13,Southampton,Watford,1.0,1.0
2016-08-14,Arsenal,Liverpool,3.0,4.0
2016-08-14,Bournemouth,Man United,1.0,3.0
2016-08-15,Chelsea,West Ham,2.0,1.0
2016-08-19,Man United,Southampton,2.0,0.0
2016-08-20,Burnley,Liverpool,2.0,0.0
2016-08-20,Leicester,Arsenal,0.0,0.0
2016-08-20,Stoke,Man City,1.0,4.0
2016-08-20,Swansea,Hull,0.0,2.0
2016-08-20,Tottenham,Crystal Palace,1.0,0.0
2016-08-20,Watford,Chelsea,1.0,2.0
2016-08-20,West Brom,Everton,1.0,2.0
2016-08-21,Sunderland,Middlesbrough,1.0,2.0
2016-08-21,West Ham,Bournemouth,1.0,0.0
2016-08-27,Chelsea,Burnley,3.0,0.0
2016-08-27,Crystal Palace,Bournemouth,1.0,1.0
2016-08-27,Everton,Stoke,1.0,0.0
2016-08-27,Hull,Man United,0.0,1.0
2016-08-27,Leicester,Swansea,2.0,1.0
2016-08-27,Southampton,Sunderland,1.0,1.0
2016-08-27,Tottenham,Liverpool,1.0,1.0
2016-08-27,Watford,Arsenal,1.0,3.0
2016-08-28,Man City,West Ham,3.0,1.0
2016-08-28,West Brom,Middlesbrough,0.0,0.0
2016-09-10,Arsenal,Southampton,2.0,1.0
2016-09-10,Bournemouth,West Brom,1.0,0.0
2016-09-10,Burnley,Hull,1.0,1.0
2016-09-10,Liverpool,Leicester,4.0,1.0
2016-09-10,Man United,Man City,1.0,2.0
2016-09-10,Middlesbrough,Crystal Palace,1.0,2.0
2016-09-10,Stoke,Tottenham,0.0,4.0
2016-09-10,West Ham,Watford,2.0,4.0
2016-09-11,Swansea,Chelsea,2.0,2.0
2016-09-12,Sunderland,Everton,0.0,3.0
2016-09-16,Chelsea,Liverpool,1.0,2.0
2016-09-17,Everton,Middlesbrough,3.0,1.0
2016-09-17,Hull,Arsenal,1.0,4.0
2016-09-17,Leicester,Burnley,3.0,0.0
2016-09-17,Man City,Bournemouth,4.0,0.0
2016-09-17,West Brom,West Ham,4.0,2.0
2016-09-18,Crystal Palace,Stoke,4.0,1.0
2016-09-18,Southampton,Swansea,1.0,0.0
2016-09-18,Tottenham,Sunderland,1.0,0.0
2016-09-18,Watford,Man United,3.0,1.0
2016-09-24,Arsenal,Chelsea,3.0,0.0
2016-09-24,Bournemouth,Everton,1.0,0.0
2016-09-24,Liverpool,Hull,5.0,1.0
2016-09-24,Man United,Leicester,4.0,1.0
2016-09-24,Middlesbrough,Tottenham,1.0,2.0
2016-09-24,Stoke,West Brom,1.0,1.0
2016-09-24,Sunderland,Crystal Palace,2.0,3.0
2016-09-24,Swansea,Man City,1.0,3.0
2016-09-25,West Ham,Southampton,0.0,3.0
2016-09-26,Burnley,Watford,2.0,0.0
2016-09-30,Everton,Crystal Palace,1.0,1.0
2016-10-01,Hull,Chelsea,0.0,2.0
2016-10-01,Sunderland,West Brom,1.0,1.0
2016-10-01,Swansea,Liverpool,1.0,2.0
2016-10-01,Watford,Bournemouth,2.0,2.0
2016-10-01,West Ham,Middlesbrough,1.0,1.0
2016-10-02,Burnley,Arsenal,0.0,1.0
2016-10-02,Leicester,Southampton,0.0,0.0
2016-10-02,Man United,Stoke,1.0,1.0
2016-10-02,Tottenham,Man City,2.0,0.0
2016-10-15,Arsenal,Swansea,3.0,2.0
2016-10-15,Bournemouth,Hull,6.0,1.0
2016-10-15,Chelsea,Leicester,3.0,0.0
2016-10-15,Crystal Palace,West Ham,0.0,1.0
2016-10-15,Man City,Everton,1.0,1.0
2016-10-15,Stoke,Sunderland,2.0,0.0
2016-10-15,West Brom,Tottenham,1.0,1.0
2016-10-16,Middlesbrough,Watford,0.0,1.0
2016-10-16,Southampton,Burnley,3.0,1.0
2016-10-17,Liverpool,Man United,0.0,0.0
2016-10-22,Arsenal,Middlesbrough,0.0,0.0
2016-10-22,Bournemouth,Tottenham,0.0,0.0
2016-10-22,Burnley,Everton,2.0,1.0
2016-10-22,Hull,Stoke,0.0,2.0
2016-10-22,Leicester,Crystal Palace,3.0,1.0
2016-10-22,Liverpool,West Brom,2.0,1.0
2016-10-22,Swansea,Watford,0.0,0.0
2016-10-22,West Ham,Sunderland,1.0,0.0
2016-10-23,Chelsea,Man United,4.0,0.0
2016-10-23,Man City,Southampton,1.0,1.0
2016-10-29,Crystal Palace,Liverpool,2.0,4.0
2016-10-29,Man United,Burnley,0.0,0.0
2016-10-29,Middlesbrough,Bournemouth,2.0,0.0
2016-10-29,Sunderland,Arsenal,1.0,4.0
2016-10-29,Tottenham,Leicester,1.0,1.0
2016-10-29,Watford,Hull,1.0,0.0
2016-10-29,West Brom,Man City,0.0,4.0
2016-10-30,Everton,West Ham,2.0,0.0
2016-10-30,Southampton,Chelsea,0.0,2.0
2016-10-31,Stoke,Swansea,3.0,1.0
2016-11-05,Bournemouth,Sunderland,1.0,2.0
2016-11-05,Burnley,Crystal Palace,3.0,2.0
2016-11-05,Chelsea,Everton,5.0,0.0
2016-11-05,Man City,Middlesbrough,1.0,1.0
2016-11-05,West Ham,Stoke,1.0,1.0
2016-11-06,Arsenal,Tottenham,1.0,1.0
2016-11-06,Hull,Southampton,2.0,1.0
2016-11-06,Leicester,West Brom,1.0,2.0
2016-11-06,Liverpool,Watford,6.0,1.0
2016-11-06,Swansea,Man United,1.0,3.0
2016-11-19,Crystal Palace,Man City,1.0,2.0
2016-11-19,Everton,Swansea,1.0,1.0
2016-11-19,Man United,Arsenal,1.0,1.0
2016-11-19,Southampton,Liverpool,0.0,0.0
2016-11-19,Stoke,Bournemouth,0.0,1.0
2016-11-19,Sunderland,Hull,3.0,0.0
2016-11-19,Tottenham,West Ham,3.0,2.0
2016-11-19,Watford,Leicester,2.0,1.0
2016-11-20,Middlesbrough,Chelsea,0.0,1.0
2016-11-21,West Brom,Burnley,4.0,0.0
2016-11-26,Burnley,Man City,1.0,2.0
2016-11-26,Chelsea,Tottenham,2.0,1.0
2016-11-26,Hull,West Brom,1.0,1.0
2016-11-26,Leicester,Middlesbrough,2.0,2.0
2016-11-26,Liverpool,Sunderland,2.0,0.0
2016-11-26,Swansea,Crystal Palace,5.0,4.0
2016-11-27,Arsenal,Bournemouth,3.0,1.0
2016-11-27,Man United,West Ham,1.0,1.0
2016-11-27,Southampton,Everton,1.0,0.0
2016-11-27,Watford,Stoke,0.0,1.0
2016-12-03,Crystal Palace,Southampton,3.0,0.0
2016-12-03,Man City,Chelsea,1.0,3.0
2016-12-03,Stoke,Burnley,2.0,0.0
2016-12-03,Sunderland,Leicester,2.0,1.0
2016-12-03,Tottenham,Swansea,5.0,0.0
2016-12-03,West Brom,Watford,3.0,1.0
2016-12-03,West Ham,Arsenal,1.0,5.0
2016-12-04,Bournemouth,Liverpool,4.0,3.0
2016-12-04,Everton,Man United,1.0,1.0
2016-12-05,Middlesbrough,Hull,1.0,0.0
2016-12-10,Arsenal,Stoke,3.0,1.0
2016-12-10,Burnley,Bournemouth,3.0,2.0
2016-12-10,Hull,Crystal Palace,3.0,3.0
2016-12-10,Leicester,Man City,4.0,2.0
2016-12-10,Swansea,Sunderland,3.0,0.0
2016-12-10,Watford,Everton,3.0,2.0
2016-12-11,Chelsea,West Brom,1.0,0.0
2016-12-11,Liverpool,West Ham,2.0,2.0
2016-12-11,Man United,Tottenham,1.0,0.0
2016-12-11,Southampton,Middlesbrough,1.0,0.0
2016-12-13,Bournemouth,Leicester,1.0,0.0
2016-12-13,Everton,Arsenal,2.0,1.0
2016-12-14,Crystal Palace,Man United,1.0,2.0
2016-12-14,Man City,Watford,2.0,0.0
2016-12-14,Middlesbrough,Liverpool,0.0,3.0
2016-12-14,Stoke,Southampton,0.0,0.0
2016-12-14,Sunderland,Chelsea,0.0,1.0
2016-12-14,Tottenham,Hull,3.0,0.0
2016-12-14,West Brom,Swansea,3.0,1.0
2016-12-14,West Ham,Burnley,1.0,0.0
2016-12-17,Crystal Palace,Chelsea,0.0,1.0
2016-12-17,Middlesbrough,Swansea,3.0,0.0
2016-12-17,Stoke,Leicester,2.0,2.0
2016-12-17,Sunderland,Watford,1.0,0.0
2016-12-17,West Brom,Man United,0.0,2.0
2016-12-17,West Ham,Hull,1.0,0.0
2016-12-18,Bournemouth,Southampton,1.0,3.0
2016-12-18,Man City,Arsenal,2.0,1.0
2016-12-18,Tottenham,Burnley,2.0,1.0
2016-12-19,Everton,Liverpool,0.0,1.0
2016-12-26,Arsenal,West Brom,1.0,0.0
2016-12-26,Burnley,Middlesbrough,1.0,0.0
2016-12-26,Chelsea,Bournemouth,3.0,0.0
2016-12-26,Hull,Man City,0.0,3.0
2016-12-26,Leicester,Everton,0.0,2.0
2016-12-26,Man United,Sunderland,3.0,1.0
2016-12-26,Swansea,West Ham,1.0,4.0
2016-12-26,Watford,Crystal Palace,1.0,1.0
2016-12-27,Liverpool,Stoke,4.0,1.0
2016-12-28,Southampton,Tottenham,1.0,4.0
2016-12-30,Hull,Everton,2.0,2.0
2016-12-31,Burnley,Sunderland,4.0,1.0
2016-12-31,Chelsea,Stoke,4.0,2.0
2016-12-31,Leicester,West Ham,1.0,0.0
2016-12-31,Liverpool,Man City,1.0,0.0
2016-12-31,Man United,Middlesbrough,2.0,1.0
2016-12-31,Southampton,West Brom,1.0,2.0
2016-12-31,Swansea,Bournemouth,0.0,3.0
2017-01-01,Arsenal,Crystal Palace,2.0,0.0
2017-01-01,Watford,Tottenham,1.0,4.0
2017-01-02,Everton,Southampton,3.0,0.0
2017-01-02,Man City,Burnley,2.0,1.0
2017-01-02,Middlesbrough,Leicester,0.0,0.0
2017-01-02,Sunderland,Liverpool,2.0,2.0
2017-01-02,West Brom,Hull,3.0,1.0
2017-01-02,West Ham,Man United,0.0,2.0
2017-01-03,Bournemouth,Arsenal,3.0,3.0
2017-01-03,Crystal Palace,Swansea,1.0,2.0
2017-01-03,Stoke,Watford,2.0,0.0
2017-01-04,Tottenham,Chelsea,2.0,0.0
2017-01-14,Burnley,Southampton,1.0,0.0
2017-01-14,Hull,Bournemouth,3.0,1.0
2017-01-14,Leicester,Chelsea,0.0,3.0
2017-01-14,Sunderland,Stoke,1.0,3.0
2017-01-14,Swansea,Arsenal,0.0,4.0
2017-01-14,Tottenham,West Brom,4.0,0.0
2017-01-14,Watford,Middlesbrough,0.0,0.0
2017-01-14,West Ham,Crystal Palace,3.0,0.0
2017-01-15,Everton,Man City,4.0,0.0
2017-01-15,Man United,Liverpool,1.0,1.0
2017-01-21,Bournemouth,Watford,2.0,2.0
2017-01-21,Crystal Palace,Everton,0.0,1.0
2017-01-21,Liverpool,Swansea,2.0,3.0
2017-01-21,Man City,Tottenham,2.0,2.0
2017-01-21,Middlesbrough,West Ham,1.0,3.0
2017-01-21,Stoke,Man United,1.0,1.0
2017-01-21,West Brom,Sunderland,2.0,0.0
2017-01-22,Arsenal,Burnley,2.0,1.0
2017-01-22,Chelsea,Hull,2.0,0.0
2017-01-22,Southampton,Leicester,3.0,0.0
2017-01-31,Arsenal,Watford,1.0,2.0
2017-01-31,Bournemouth,Crystal Palace,0.0,2.0
2017-01-31,Burnley,Leicester,1.0,0.0
2017-01-31,Liverpool,Chelsea,1.0,1.0
2017-01-31,Middlesbrough,West Brom,1.0,1.0
2017-01-31,Sunderland,Tottenham,0.0,0.0
2017-01-31,Swansea,Southampton,2.0,1.0
2017-02-01,Man United,Hull,0.0,0.0
2017-02-01,Stoke,Everton,1.0,1.0
2017-02-01,West Ham,Man City,0.0,4.0
2017-02-04,Chelsea,Arsenal,3.0,1.0
2017-02-04,Crystal Palace,Sunderland,0.0,4.0
2017-02-04,Everton,Bournemouth,6.0,3.0
2017-02-04,Hull,Liverpool,2.0,0.0
2017-02-04,Southampton,West Ham,1.0,3.0
2017-02-04,Tottenham,Middlesbrough,1.0,0.0
2017-02-04,Watford,Burnley,2.0,1.0
2017-02-04,West Brom,Stoke,1.0,0.0
2017-02-05,Leicester,Man United,0.0,3.0
2017-02-05,Man City,Swansea,2.0,1.0
2017-02-11,Arsenal,Hull,2.0,0.0
2017-02-11,Liverpool,Tottenham,2.0,0.0
2017-02-11,Man United,Watford,2.0,0.0
2017-02-11,Middlesbrough,Everton,0.0,0.0
2017-02-11,Stoke,Crystal Palace,1.0,0.0
2017-02-11,Sunderland,Southampton,0.0,4.0
2017-02-11,West Ham,West Brom,2.0,2.0
2017-02-12,Burnley,Chelsea,1.0,1.0
2017-02-12,Swansea,Leicester,2.0,0.0
2017-02-13,Bournemouth,Man City,0.0,2.0
2017-02-25,Chelsea,Swansea,3.0,1.0
2017-02-25,Crystal Palace,Middlesbrough,1.0,0.0
2017-02-25,Everton,Sunderland,2.0,0.0
2017-02-25,Hull,Burnley,1.0,1.0
2017-02-25,Watford,West Ham,1.0,1.0
2017-02-25,West Brom,Bournemouth,2.0,1.0
2017-02-26,Tottenham,Stoke,4.0,0.0
2017-02-27,Leicester,Liverpool,3.0,1.0
2017-03-04,Leicester,Hull,3.0,1.0
2017-03-04,Liverpool,Arsenal,3.0,1.0
2017-03-04,Man United,Bournemouth,1.0,1.0
2017-03-04,Stoke,Middlesbrough,2.0,0.0
2017-03-04,Swansea,Burnley,3.0,2.0
2017-03-04,Watford,Southampton,3.0,4.0
2017-03-04,West Brom,Crystal Palace,0.0,2.0
2017-03-05,Sunderland,Man City,0.0,2.0
2017-03-05,Tottenham,Everton,3.0,2.0
2017-03-06,West Ham,Chelsea,1.0,2.0
2017-03-08,Man City,Stoke,0.0,0.0
2017-03-11,Bournemouth,West Ham,3.0,2.0
2017-03-11,Everton,West Brom,3.0,0.0
2017-03-11,Hull,Swansea,2.0,1.0
2017-03-12,Liverpool,Burnley,2.0,1.0
2017-03-18,Bournemouth,Swansea,2.0,0.0
2017-03-18,Crystal Palace,Watford,1.0,0.0
2017-03-18,Everton,Hull,4.0,0.0
2017-03-18,Stoke,Chelsea,1.0,2.0
2017-03-18,Sunderland,Burnley,0.0,0.0
2017-03-18,West Brom,Arsenal,3.0,1.0
2017-03-18,West Ham,Leicester,2.0,3.0
2017-03-19,Man City,Liverpool,1.0,1.0
2017-03-19,Middlesbrough,Man United,1.0,3.0
2017-03-19,Tottenham,Southampton,2.0,1.0
2017-04-01,Burnley,Tottenham,0.0,2.0
2017-04-01,Chelsea,Crystal Palace,1.0,2.0
2017-04-01,Hull,West Ham,2.0,1.0
2017-04-01,Leicester,Stoke,2.0,0.0
2017-04-01,Liverpool,Everton,3.0,1.0
2017-04-01,Man United,West Brom,0.0,0.0
2017-04-01,Southampton,Bournemouth,0.0,0.0
2017-04-01,Watford,Sunderland,1.0,0.0
2017-04-02,Arsenal,Man City,2.0,2.0
2017-04-02,Swansea,Middlesbrough,0.0,0.0
2017-04-04,Burnley,Stoke,1.0,0.0
2017-04-04,Leicester,Sunderland,2.0,0.0
2017-04-04,Man United,Everton,1.0,1.0
2017-04-04,Watford,West Brom,2.0,0.0
2017-04-05,Arsenal,West Ham,3.0,0.0
2017-04-05,Chelsea,Man City,2.0,1.0
2017-04-05,Hull,Middlesbrough,4.0,2.0
2017-04-05,Liverpool,Bournemouth,2.0,2.0
2017-04-05,Southampton,Crystal Palace,3.0,1.0
2017-04-05,Swansea,Tottenham,1.0,3.0
2017-04-08,Bournemouth,Chelsea,1.0,3.0
2017-04-08,Man City,Hull,3.0,1.0
2017-04-08,Middlesbrough,Burnley,0.0,0.0
2017-04-08,Stoke,Liverpool,1.0,2.0
2017-04-08,Tottenham,Watford,4.0,0.0
2017-04-08,West Brom,Southampton,0.0,1.0
2017-04-08,West Ham,Swansea,1.0,0.0
2017-04-09,Everton,Leicester,4.0,2.0
2017-04-09,Sunderland,Man United,0.0,3.0
2017-04-10,Crystal Palace,Arsenal,3.0,0.0
2017-04-15,Crystal Palace,Leicester,2.0,2.0
2017-04-15,Everton,Burnley,3.0,1.0
2017-04-15,Southampton,Man City,0.0,3.0
2017-04-15,Stoke,Hull,3.0,1.0
2017-04-15,Sunderland,West Ham,2.0,2.0
2017-04-15,Tottenham,Bournemouth,4.0,0.0
2017-04-15,Watford,Swansea,1.0,0.0
2017-04-16,Man United,Chelsea,2.0,0.0
2017-04-16,West Brom,Liverpool,0.0,1.0
2017-04-17,Middlesbrough,Arsenal,1.0,2.0
2017-04-22,Bournemouth,Middlesbrough,4.0,0.0
2017-04-22,Hull,Watford,2.0,0.0
2017-04-22,Swansea,Stoke,2.0,0.0
2017-04-22,West Ham,Everton,0.0,0.0
2017-04-23,Burnley,Man United,0.0,2.0
2017-04-23,Liverpool,Crystal Palace,1.0,2.0
2017-04-25,Chelsea,Southampton,4.0,2.0
2017-04-26,Arsenal,Leicester,1.0,0.0
2017-04-26,Crystal Palace,Tottenham,0.0,1.0
2017-04-26,Middlesbrough,Sunderland,1.0,0.0
2017-04-27,Man City,Man United,0.0,0.0
2017-04-29,Crystal Palace,Burnley,0.0,2.0
2017-04-29,Southampton,Hull,0.0,0.0
2017-04-29,Stoke,West Ham,0.0,0.0
2017-04-29,Sunderland,Bournemouth,0.0,1.0
2017-04-29,West Brom,Leicester,0.0,1.0
2017-04-30,Everton,Chelsea,0.0,3.0
2017-04-30,Man United,Swansea,1.0,1.0
2017-04-30,Middlesbrough,Man City,2.0,2.0
2017-04-30,Tottenham,Arsenal,2.0,0.0
2017-05-01,Watford,Liverpool,0.0,1.0
2017-05-05,West Ham,Tottenham,1.0,0.0
2017-05-06,Bournemouth,Stoke,2.0,2.0
2017-05-06,Burnley,West Brom,2.0,2.0
2017-05-06,Hull,Sunderland,0.0,2.0
2017-05-06,Leicester,Watford,3.0,0.0
2017-05-06,Man City,Crystal Palace,5.0,0.0
2017-05-06,Swansea,Everton,1.0,0.0
2017-05-07,Arsenal,Man United,2.0,0.0
2017-05-07,Liverpool,Southampton,0.0,0.0
2017-05-08,Chelsea,Middlesbrough,3.0,0.0
2017-05-10,Southampton,Arsenal,0.0,2.0
2017-05-12,Everton,Watford,1.0,0.0
2017-05-12,West Brom,Chelsea,0.0,1.0
2017-05-13,Bournemouth,Burnley,2.0,1.0
2017-05-13,Man City,Leicester,2.0,1.0
2017-05-13,Middlesbrough,Southampton,1.0,2.0
2017-05-13,Stoke,Arsenal,1.0,4.0
2017-05-13,Sunderland,Swansea,0.0,2.0
2017-05-14,Crystal Palace,Hull,4.0,0.0
2017-05-14,Tottenham,Man United,2.0,1.0
2017-05-14,West Ham,Liverpool,0.0,4.0
2017-05-15,Chelsea,Watford,4.0,3.0
2017-05-16,Arsenal,Sunderland,2.0,0.0
2017-05-16,Man City,West Brom,3.0,1.0
2017-05-17,Southampton,Man United,0.0,0.0
2017-05-18,Leicester,Tottenham,1.0,6.0
2017-05-21,Arsenal,Everton,3.0,1.0
2017-05-21,Burnley,West Ham,1.0,2.0
2017-05-21,Chelsea,Sunderland,5.0,1.0
2017-05-21,Hull,Tottenham,1.0,7.0
2017-05-21,Leicester,Bournemouth,1.0,1.0
2017-05-21,Liverpool,Middlesbrough,3.0,0.0
2017-05-21,Man United,Crystal Palace,2.0,0.0
2017-05-21,Southampton,Stoke,0.0,1.0
2017-05-21,Swansea,West Brom,2.0,1.0
2017-05-21,Watford,Man City,0.0,5.0
2017-08-11,Arsenal,Leicester,4.0,3.0
2017-08-12,Brighton,Man City,0.0,2.0
2017-08-12,Chelsea,Burnley,2.0,3.0
2017-08-12,Crystal Palace,Huddersfield,0.0,3.0
2017-08-12,Everton,Stoke,1.0,0.0
2017-08-12,Southampton,Swansea,0.0,0.0
2017-08-12,Watford,Liverpool,3.0,3.0
2017-08-12,West Brom,Bournemouth,1.0,0.0
2017-08-13,Man United,West Ham,4.0,0.0
2017-08-13,Newcastle,Tottenham,0.0,2.0
2017-08-19,Bournemouth,Watford,0.0,2.0
2017-08-19,Burnley,West Brom,0.0,1.0
2017-08-19,Leicester,Brighton,2.0,0.0
2017-08-19,Liverpool,Crystal Palace,1.0,0.0
2017-08-19,Southampton,West Ham,3.0,2.0
2017-08-19,Stoke,Arsenal,1.0,0.0
2017-08-19,Swansea,Man United,0.0,4.0
2017-08-20,Huddersfield,Newcastle,1.0,0.0
2017-08-20,Tottenham,Chelsea,1.0,2.0
2017-08-21,Man City,Everton,1.0,1.0
2017-08-26,Bournemouth,Man City,1.0,2.0
2017-08-26,Crystal Palace,Swansea,0.0,2.0
2017-08-26,Huddersfield,Southampton,0.0,0.0
2017-08-26,Man United,Leicester,2.0,0.0
2017-08-26,Newcastle,West Ham,3.0,0.0
2017-08-26,Watford,Brighton,0.0,0.0
2017-08-27,Chelsea,Everton,2.0,0.0
2017-08-27,Liverpool,Arsenal,4.0,0.0
2017-08-27,Tottenham,Burnley,1.0,1.0
2017-08-27,West Brom,Stoke,1.0,1.0
2017-09-09,Arsenal,Bournemouth,3.0,0.0
2017-09-09,Brighton,West Brom,3.0,1.0
2017-09-09,Everton,Tottenham,0.0,3.0
2017-09-09,Leicester,Chelsea,1.0,2.0
2017-09-09,Man City,Liverpool,5.0,0.0
2017-09-09,Southampton,Watford,0.0,2.0
2017-09-09,Stoke,Man United,2.0,2.0
2017-09-10,Burnley,Crystal Palace,1.0,0.0
2017-09-10,Swansea,Newcastle,0.0,1.0
2017-09-11,West Ham,Huddersfield,2.0,0.0
2017-09-15,Bournemouth,Brighton,2.0,1.0
2017-09-16,Crystal Palace,Southampton,0.0,1.0
2017-09-16,Huddersfield,Leicester,1.0,1.0
2017-09-16,Liverpool,Burnley,1.0,1.0
2017-09-16,Newcastle,Stoke,2.0,1.0
2017-09-16,Tottenham,Swansea,0.0,0.0
2017-09-16,Watford,Man City,0.0,6.0
2017-09-16,West Brom,West Ham,0.0,0.0
2017-09-17,Chelsea,Arsenal,0.0,0.0
2017-09-17,Man United,Everton,4.0,0.0
2017-09-23,Burnley,Huddersfield,0.0,0.0
2017-09-23,Everton,Bournemouth,2.0,1.0
2017-09-23,Leicester,Liverpool,2.0,3.0
2017-09-23,Man City,Crystal Palace,5.0,0.0
2017-09-23,Southampton,Man United,0.0,1.0
2017-09-23,Stoke,Chelsea,0.0,4.0
2017-09-23,Swansea,Watford,1.0,2.0
2017-09-23,West Ham,Tottenham,2.0,3.0
2017-09-24,Brighton,Newcastle,1.0,0.0
2017-09-25,Arsenal,West Brom,2.0,0.0
2017-09-30,Bournemouth,Leicester,0.0,0.0
2017-09-30,Chelsea,Man City,0.0,1.0
2017-09-30,Huddersfield,Tottenham,0.0,4.0
2017-09-30,Man United,Crystal Palace,4.0,0.0
2017-09-30,Stoke,Southampton,2.0,1.0
2017-09-30,West Brom,Watford,2.0,2.0
2017-09-30,West Ham,Swansea,1.0,0.0
2017-10-01,Arsenal,Brighton,2.0,0.0
2017-10-01,Everton,Burnley,0.0,1.0
2017-10-01,Newcastle,Liverpool,1.0,1.0
2017-10-14,Burnley,West Ham,1.0,1.0
2017-10-14,Crystal Palace,Chelsea,2.0,1.0
2017-10-14,Liverpool,Man United,0.0,0.0
2017-10-14,Man City,Stoke,7.0,2.0
2017-10-14,Swansea,Huddersfield,2.0,0.0
2017-10-14,Tottenham,Bournemouth,1.0,0.0
2017-10-14,Watford,Arsenal,2.0,1.0
2017-10-15,Brighton,Everton,1.0,1.0
2017-10-15,Southampton,Newcastle,2.0,2.0
2017-10-16,Leicester,West Brom,1.0,1.0
2017-10-20,West Ham,Brighton,0.0,3.0
2017-10-21,Chelsea,Watford,4.0,2.0
2017-10-21,Huddersfield,Man United,2.0,1.0
2017-10-21,Man City,Burnley,3.0,0.0
2017-10-21,Newcastle,Crystal Palace,1.0,0.0
2017-10-21,Southampton,West Brom,1.0,0.0
2017-10-21,Stoke,Bournemouth,1.0,2.0
2017-10-21,Swansea,Leicester,1.0,2.0
2017-10-22,Everton,Arsenal,2.0,5.0
2017-10-22,Tottenham,Liverpool,4.0,1.0
2017-10-28,Arsenal,Swansea,2.0,1.0
2017-10-28,Bournemouth,Chelsea,0.0,1.0
2017-10-28,Crystal Palace,West Ham,2.0,2.0
2017-10-28,Liverpool,Huddersfield,3.0,0.0
2017-10-28,Man United,Tottenham,1.0,0.0
2017-10-28,Watford,Stoke,0.0,1.0
2017-10-28,West Brom,Man City,2.0,3.0
2017-10-29,Brighton,Southampton,1.0,1.0
2017-10-29,Leicester,Everton,2.0,0.0
2017-10-30,Burnley,Newcastle,1.0,0.0
2017-11-04,Huddersfield,West Brom,1.0,0.0
2017-11-04,Newcastle,Bournemouth,0.0,1.0
2017-11-04,Southampton,Burnley,0.0,1.0
2017-11-04,Stoke,Leicester,2.0,2.0
2017-11-04,Swansea,Brighton,0.0,1.0
2017-11-04,West Ham,Liverpool,1.0,4.0
2017-11-05,Chelsea,Man United,1.0,0.0
2017-11-05,Everton,Watford,3.0,2.0
2017-11-05,Man City,Arsenal,3.0,1.0
2017-11-05,Tottenham,Crystal Palace,1.0,0.0
2017-11-18,Arsenal,Tottenham,2.0,0.0
2017-11-18,Bournemouth,Huddersfield,4.0,0.0
2017-11-18,Burnley,Swansea,2.0,0.0
2017-11-18,Crystal Palace,Everton,2.0,2.0
2017-11-18,Leicester,Man City,0.0,2.0
2017-11-18,Liverpool,Southampton,3.0,0.0
2017-11-18,Man United,Newcastle,4.0,1.0
2017-11-18,West Brom,Chelsea,0.0,4.0
2017-11-19,Watford,West Ham,2.0,0.0
2017-11-20,Brighton,Stoke,2.0,2.0
2017-11-24,West Ham,Leicester,1.0,1.0
2017-11-25,Crystal Palace,Stoke,2.0,1.0
2017-11-25,Liverpool,Chelsea,1.0,1.0
2017-11-25,Man United,Brighton,1.0,0.0
2017-11-25,Newcastle,Watford,0.0,3.0
2017-11-25,Swansea,Bournemouth,0.0,0.0
2017-11-25,Tottenham,West Brom,1.0,1.0
2017-11-26,Burnley,Arsenal,0.0,1.0
2017-11-26,Huddersfield,Man City,1.0,2.0
2017-11-26,Southampton,Everton,4.0,1.0
2017-11-28,Brighton,Crystal Palace,0.0,0.0
2017-11-28,Leicester,Tottenham,2.0,1.0
2017-11-28,Watford,Man United,2.0,4.0
2017-11-28,West Brom,Newcastle,2.0,2.0
2017-11-29,Arsenal,Huddersfield,5.0,0.0
2017-11-29,Bournemouth,Burnley,1.0,2.0
2017-11-29,Chelsea,Swansea,1.0,0.0
2017-11-29,Everton,West Ham,4.0,0.0
2017-11-29,Man City,Southampton,2.0,1.0
2017-11-29,Stoke,Liverpool,0.0,3.0
2017-12-02,Arsenal,Man United,1.0,3.0
2017-12-02,Brighton,Liverpool,1.0,5.0
2017-12-02,Chelsea,Newcastle,3.0,1.0
2017-12-02,Everton,Huddersfield,2.0,0.0
2017-12-02,Leicester,Burnley,1.0,0.0
2017-12-02,Stoke,Swansea,2.0,1.0
2017-12-02,Watford,Tottenham,1.0,1.0
2017-12-02,West Brom,Crystal Palace,0.0,0.0
2017-12-03,Bournemouth,Southampton,1.0,1.0
2017-12-03,Man City,West Ham,2.0,1.0
2017-12-09,Burnley,Watford,1.0,0.0
2017-12-09,Crystal Palace,Bournemouth,2.0,2.0
2017-12-09,Huddersfield,Brighton,2.0,0.0
2017-12-09,Newcastle,Leicester,2.0,3.0
2017-12-09,Swansea,West Brom,1.0,0.0
2017-12-09,Tottenham,Stoke,5.0,1.0
2017-12-09,West Ham,Chelsea,1.0,0.0
2017-12-10,Liverpool,Everton,1.0,1.0
2017-12-10,Man United,Man City,1.0,2.0
2017-12-10,Southampton,Arsenal,1.0,1.0
2017-12-12,Burnley,Stoke,1.0,0.0
2017-12-12,Crystal Palace,Watford,2.0,1.0
2017-12-12,Huddersfield,Chelsea,1.0,3.0
2017-12-13,Liverpool,West Brom,0.0,0.0
2017-12-13,Man United,Bournemouth,1.0,0.0
2017-12-13,Newcastle,Everton,0.0,1.0
2017-12-13,Southampton,Leicester,1.0,4.0
2017-12-13,Swansea,Man City,0.0,4.0
2017-12-13,Tottenham,Brighton,2.0,0.0
2017-12-13,West Ham,Arsenal,0.0,0.0
2017-12-16,Arsenal,Newcastle,1.0,0.0
2017-12-16,Brighton,Burnley,0.0,0.0
2017-12-16,Chelsea,Southampton,1.0,0.0
2017-12-16,Leicester,Crystal Palace,0.0,3.0
2017-12-16,Man City,Tottenham,4.0,1.0
2017-12-16,Stoke,West Ham,0.0,3.0
2017-12-16,Watford,Huddersfield,1.0,4.0
2017-12-17,Bournemouth,Liverpool,0.0,4.0
2017-12-17,West Brom,Man United,1.0,2.0
2017-12-18,Everton,Swansea,3.0,1.0
2017-12-22,Arsenal,Liverpool,3.0,3.0
2017-12-23,Brighton,Watford,1.0,0.0
2017-12-23,Burnley,Tottenham,0.0,3.0
2017-12-23,Everton,Chelsea,0.0,0.0
2017-12-23,Leicester,Man United,2.0,2.0
2017-12-23,Man City,Bournemouth,4.0,0.0
2017-12-23,Southampton,Huddersfield,1.0,1.0
2017-12-23,Stoke,West Brom,3.0,1.0
2017-12-23,Swansea,Crystal Palace,1.0,1.0
2017-12-23,West Ham,Newcastle,2.0,3.0
2017-12-26,Bournemouth,West Ham,3.0,3.0
2017-12-26,Chelsea,Brighton,2.0,0.0
2017-12-26,Huddersfield,Stoke,1.0,1.0
2017-12-26,Liverpool,Swansea,5.0,0.0
2017-12-26,Man United,Burnley,2.0,2.0
2017-12-26,Tottenham,Southampton,5.0,2.0
2017-12-26,Watford,Leicester,2.0,1.0
2017-12-26,West Brom,Everton,0.0,0.0
2017-12-27,Newcastle,Man City,0.0,1.0
2017-12-28,Crystal Palace,Arsenal,2.0,3.0
2017-12-30,Bournemouth,Everton,2.0,1.0
2017-12-30,Chelsea,Stoke,5.0,0.0
2017-12-30,Huddersfield,Burnley,0.0,0.0
2017-12-30,Liverpool,Leicester,2.0,1.0
2017-12-30,Man United,Southampton,0.0,0.0
2017-12-30,Newcastle,Brighton,0.0,0.0
2017-12-30,Watford,Swansea,1.0,2.0
2017-12-31,Crystal Palace,Man City,0.0,0.0
2017-12-31,West Brom,Arsenal,1.0,1.0
2018-01-01,Brighton,Bournemouth,2.0,2.0
2018-01-01,Burnley,Liverpool,1.0,2.0
2018-01-01,Everton,Man United,0.0,2.0
2018-01-01,Leicester,Huddersfield,3.0,0.0
2018-01-01,Stoke,Newcastle,0.0,1.0
2018-01-02,Man City,Watford,3.0,1.0
2018-01-02,Southampton,Crystal Palace,1.0,2.0
2018-01-02,Swansea,Tottenham,0.0,2.0
2018-01-02,West Ham,West Brom,2.0,1.0
2018-01-03,Arsenal,Chelsea,2.0,2.0
2018-01-04,Tottenham,West Ham,1.0,1.0
2018-01-13,Chelsea,Leicester,0.0,0.0
2018-01-13,Crystal Palace,Burnley,1.0,0.0
2018-01-13,Huddersfield,West Ham,1.0,4.0
2018-01-13,Newcastle,Swansea,1.0,1.0
2018-01-13,Tottenham,Everton,4.0,0.0
2018-01-13,Watford,Southampton,2.0,2.0
2018-01-13,West Brom,Brighton,2.0,0.0
2018-01-14,Bournemouth,Arsenal,2.0,1.0
2018-01-14,Liverpool,Man City,4.0,3.0
2018-01-15,Man United,Stoke,3.0,0.0
2018-01-20,Arsenal,Crystal Palace,4.0,1.0
2018-01-20,Brighton,Chelsea,0.0,4.0
2018-01-20,Burnley,Man United,0.0,1.0
2018-01-20,Everton,West Brom,1.0,1.0
2018-01-20,Leicester,Watford,2.0,0.0
2018-01-20,Man City,Newcastle,3.0,1.0
2018-01-20,Stoke,Huddersfield,2.0,0.0
2018-01-20,West Ham,Bournemouth,1.0,1.0
2018-01-21,Southampton,Tottenham,1.0,1.0
2018-01-22,Swansea,Liverpool,1.0,0.0
2018-01-30,Huddersfield,Liverpool,0.0,3.0
2018-01-30,Swansea,Arsenal,3.0,1.0
2018-01-30,West Ham,Crystal Palace,1.0,1.0
2018-01-31,Chelsea,Bournemouth,0.0,3.0
2018-01-31,Everton,Leicester,2.0,1.0
2018-01-31,Man City,West Brom,3.0,0.0
2018-01-31,Newcastle,Burnley,1.0,1.0
2018-01-31,Southampton,Brighton,1.0,1.0
2018-01-31,Stoke,Watford,0.0,0.0
2018-01-31,Tottenham,Man United,2.0,0.0
2018-02-03,Arsenal,Everton,5.0,1.0
2018-02-03,Bournemouth,Stoke,2.0,1.0
2018-02-03,Brighton,West Ham,3.0,1.0
2018-02-03,Burnley,Man City,1.0,1.0
2018-02-03,Leicester,Swansea,1.0,1.0
2018-02-03,Man United,Huddersfield,2.0,0.0
2018-02-03,West Brom,Southampton,2.0,3.0
2018-02-04,Crystal Palace,Newcastle,1.0,1.0
2018-02-04,Liverpool,Tottenham,2.0,2.0
2018-02-05,Watford,Chelsea,4.0,1.0
2018-02-10,Everton,Crystal Palace,3.0,1.0
2018-02-10,Man City,Leicester,5.0,1.0
2018-02-10,Stoke,Brighton,1.0,1.0
2018-02-10,Swansea,Burnley,1.0,0.0
2018-02-10,Tottenham,Arsenal,1.0,0.0
2018-02-10,West Ham,Watford,2.0,0.0
2018-02-11,Huddersfield,Bournemouth,4.0,1.0
2018-02-11,Newcastle,Man United,1.0,0.0
2018-02-11,Southampton,Liverpool,0.0,2.0
2018-02-12,Chelsea,West Brom,3.0,0.0
2018-02-24,Bournemouth,Newcastle,2.0,2.0
2018-02-24,Brighton,Swansea,4.0,1.0
2018-02-24,Burnley,Southampton,1.0,1.0
2018-02-24,Leicester,Stoke,1.0,1.0
2018-02-24,Liverpool,West Ham,4.0,1.0
2018-02-24,Watford,Everton,1.0,0.0
2018-02-24,West Brom,Huddersfield,1.0,2.0
2018-02-25,Crystal Palace,Tottenham,0.0,1.0
2018-02-25,Man United,Chelsea,2.0,1.0
2018-03-01,Arsenal,Man City,0.0,3.0
2018-03-03,Burnley,Everton,2.0,1.0
2018-03-03,Leicester,Bournemouth,1.0,1.0
2018-03-03,Liverpool,Newcastle,2.0,0.0
2018-03-03,Southampton,Stoke,0.0,0.0
2018-03-03,Swansea,West Ham,4.0,1.0
2018-03-03,Tottenham,Huddersfield,2.0,0.0
2018-03-03,Watford,West Brom,1.0,0.0
2018-03-04,Brighton,Arsenal,2.0,1.0
2018-03-04,Man City,Chelsea,1.0,0.0
2018-03-05,Crystal Palace,Man United,2.0,3.0
2018-03-10,Chelsea,Crystal Palace,2.0,1.0
2018-03-10,Everton,Brighton,2.0,0.0
2018-03-10,Huddersfield,Swansea,0.0,0.0
2018-03-10,Man United,Liverpool,2.0,1.0
2018-03-10,Newcastle,Southampton,3.0,0.0
2018-03-10,West Brom,Leicester,1.0,4.0
2018-03-10,West Ham,Burnley,0.0,3.0
2018-03-11,Arsenal,Watford,3.0,0.0
2018-03-11,Bournemouth,Tottenham,1.0,4.0
2018-03-12,Stoke,Man City,0.0,2.0
2018-03-17,Bournemouth,West Brom,2.0,1.0
2018-03-17,Huddersfield,Crystal Palace,0.0,2.0
2018-03-17,Liverpool,Watford,5.0,0.0
2018-03-17,Stoke,Everton,1.0,2.0
2018-03-31,Brighton,Leicester,0.0,2.0
2018-03-31,Crystal Palace,Liverpool,1.0,2.0
2018-03-31,Everton,Man City,1.0,3.0
2018-03-31,Man United,Swansea,2.0,0.0
2018-03-31,Newcastle,Huddersfield,1.0,0.0
2018-03-31,Watford,Bournemouth,2.0,2.0
2018-03-31,West Brom,Burnley,1.0,2.0
2018-03-31,West Ham,Southampton,3.0,0.0
2018-04-01,Arsenal,Stoke,3.0,0.0
2018-04-01,Chelsea,Tottenham,1.0,3.0
2018-04-07,Bournemouth,Crystal Palace,2.0,2.0
2018-04-07,Brighton,Huddersfield,1.0,1.0
2018-04-07,Everton,Liverpool,0.0,0.0
2018-04-07,Leicester,Newcastle,1.0,2.0
2018-04-07,Man City,Man United,2.0,3.0
2018-04-07,Stoke,Tottenham,1.0,2.0
2018-04-07,Watford,Burnley,1.0,2.0
2018-04-07,West Brom,Swansea,1.0,1.0
2018-04-08,Arsenal,Southampton,3.0,2.0
2018-04-08,Chelsea,West Ham,1.0,1.0
2018-04-14,Burnley,Leicester,2.0,1.0
2018-04-14,Crystal Palace,Brighton,3.0,2.0
2018-04-14,Huddersfield,Watford,1.0,0.0
2018-04-14,Liverpool,Bournemouth,3.0,0.0
2018-04-14,Southampton,Chelsea,2.0,3.0
2018-04-14,Swansea,Everton,1.0,1.0
2018-04-14,Tottenham,Man City,1.0,3.0
2018-04-15,Man United,West Brom,0.0,1.0
2018-04-15,Newcastle,Arsenal,2.0,1.0
2018-04-16,West Ham,Stoke,1.0,1.0
2018-04-17,Brighton,Tottenham,1.0,1.0
2018-04-18,Bournemouth,Man United,0.0,2.0
2018-04-19,Burnley,Chelsea,1.0,2.0
2018-04-19,Leicester,Southampton,0.0,0.0
2018-04-21,Watford,Crystal Palace,0.0,0.0
2018-04-21,West Brom,Liverpool,2.0,2.0
2018-04-22,Arsenal,West Ham,4.0,1.0
2018-04-22,Man City,Swansea,5.0,0.0
2018-04-22,Stoke,Burnley,1.0,1.0
2018-04-23,Everton,Newcastle,1.0,0.0
2018-04-28,Burnley,Brighton,0.0,0.0
2018-04-28,Crystal Palace,Leicester,5.0,0.0
2018-04-28,Huddersfield,Everton,0.0,2.0
2018-04-28,Liverpool,Stoke,0.0,0.0
2018-04-28,Newcastle,West Brom,0.0,1.0
2018-04-28,Southampton,Bournemouth,2.0,1.0
2018-04-28,Swansea,Chelsea,0.0,1.0
2018-04-29,Man United,Arsenal,2.0,1.0
2018-04-29,West Ham,Man City,1.0,4.0
2018-04-30,Tottenham,Watford,2.0,0.0
2018-05-04,Brighton,Man United,1.0,0.0
2018-05-05,Bournemouth,Swansea,1.0,0.0
2018-05-05,Everton,Southampton,1.0,1.0
2018-05-05,Leicester,West Ham,0.0,2.0
2018-05-05,Stoke,Crystal Palace,1.0,2.0
2018-05-05,Watford,Newcastle,2.0,1.0
2018-05-05,West Brom,Tottenham,1.0,0.0
2018-05-06,Arsenal,Burnley,5.0,0.0
2018-05-06,Chelsea,Liverpool,1.0,0.0
2018-05-06,Man City,Huddersfield,0.0,0.0
2018-05-08,Swansea,Southampton,0.0,1.0
2018-05-09,Chelsea,Huddersfield,1.0,1.0
2018-05-09,Leicester,Arsenal,3.0,1.0
2018-05-09,Man City,Brighton,3.0,1.0
2018-05-09,Tottenham,Newcastle,1.0,0.0
2018-05-10,West Ham,Man United,0.0,0.0
2018-05-13,Burnley,Bournemouth,1.0,2.0
2018-05-13,Crystal Palace,West Brom,2.0,0.0
2018-05-13,Huddersfield,Arsenal,0.0,1.0
2018-05-13,Liverpool,Brighton,4.0,0.0
2018-05-13,Man United,Watford,1.0,0.0
2018-05-13,Newcastle,Chelsea,3.0,0.0
2018-05-13,Southampton,Man City,0.0,1.0
2018-05-13,Swansea,Stoke,1.0,2.0
2018-05-13,Tottenham,Leicester,5.0,4.0
2018-05-13,West Ham,Everton,3.0,1.0
2018-08-10,Man United,Leicester,2.0,1.0
2018-08-11,Bournemouth,Cardiff,2.0,0.0
2018-08-11,Fulham,Crystal Palace,0.0,2.0
2018-08-11,Huddersfield,Chelsea,0.0,3.0
2018-08-11,Newcastle,Tottenham,1.0,2.0
2018-08-11,Watford,Brighton,2.0,0.0
2018-08-11,Wolves,Everton,2.0,2.0
2018-08-12,Arsenal,Man City,0.0,2.0
2018-08-12,Liverpool,West Ham,4.0,0.0
2018-08-12,Southampton,Burnley,0.0,0.0
2018-08-18,Cardiff,Newcastle,0.0,0.0
2018-08-18,Chelsea,Arsenal,3.0,2.0
2018-08-18,Everton,Southampton,2.0,1.0
2018-08-18,Leicester,Wolves,2.0,0.0
2018-08-18,Tottenham,Fulham,3.0,1.0
2018-08-18,West Ham,Bournemouth,1.0,2.0
2018-08-19,Brighton,Man United,3.0,2.0
2018-08-19,Burnley,Watford,1.0,3.0
2018-08-19,Man City,Huddersfield,6.0,1.0
2018-08-20,Crystal Palace,Liverpool,0.0,2.0
2018-08-25,Arsenal,West Ham,3.0,1.0
2018-08-25,Bournemouth,Everton,2.0,2.0
2018-08-25,Huddersfield,Cardiff,0.0,0.0
2018-08-25,Liverpool,Brighton,1.0,0.0
2018-08-25,Southampton,Leicester,1.0,2.0
2018-08-25,Wolves,Man City,1.0,1.0
2018-08-26,Fulham,Burnley,4.0,2.0
2018-08-26,Newcastle,Chelsea,1.0,2.0
2018-08-26,Watford,Crystal Palace,2.0,1.0
2018-08-27,Man United,Tottenham,0.0,3.0
2018-09-01,Brighton,Fulham,2.0,2.0
2018-09-01,Chelsea,Bournemouth,2.0,0.0
2018-09-01,Crystal Palace,Southampton,0.0,2.0
2018-09-01,Everton,Huddersfield,1.0,1.0
2018-09-01,Leicester,Liverpool,1.0,2.0
2018-09-01,Man City,Newcastle,2.0,1.0
2018-09-01,West Ham,Wolves,0.0,1.0
2018-09-02,Burnley,Man United,0.0,2.0
2018-09-02,Cardiff,Arsenal,2.0,3.0
2018-09-02,Watford,Tottenham,2.0,1.0
2018-09-15,Bournemouth,Leicester,4.0,2.0
2018-09-15,Chelsea,Cardiff,4.0,1.0
2018-09-15,Huddersfield,Crystal Palace,0.0,1.0
2018-09-15,Man City,Fulham,3.0,0.0
2018-09-15,Newcastle,Arsenal,1.0,2.0
2018-09-15,Tottenham,Liverpool,1.0,2.0
2018-09-15,Watford,Man United,1.0,2.0
2018-09-16,Everton,West Ham,1.0,3.0
2018-09-16,Wolves,Burnley,1.0,0.0
2018-09-17,Southampton,Brighton,2.0,2.0
2018-09-22,Brighton,Tottenham,1.0,2.0
2018-09-22,Burnley,Bournemouth,4.0,0.0
2018-09-22,Cardiff,Man City,0.0,5.0
2018-09-22,Crystal Palace,Newcastle,0.0,0.0
2018-09-22,Fulham,Watford,1.0,1.0
2018-09-22,Leicester,Huddersfield,3.0,1.0
2018-09-22,Liverpool,Southampton,3.0,0.0
2018-09-22,Man United,Wolves,1.0,1.0
2018-09-23,Arsenal,Everton,2.0,0.0
2018-09-23,West Ham,Chelsea,0.0,0.0
2018-09-29,Arsenal,Watford,2.0,0.0
2018-09-29,Chelsea,Liverpool,1.0,1.0
2018-09-29,Everton,Fulham,3.0,0.0
2018-09-29,Huddersfield,Tottenham,0.0,2.0
2018-09-29,Man City,Brighton,2.0,0.0
2018-09-29,Newcastle,Leicester,0.0,2.0
2018-09-29,West Ham,Man United,3.0,1.0
2018-09-29,Wolves,Southampton,2.0,0.0
2018-09-30,Cardiff,Burnley,1.0,2.0
2018-10-01,Bournemouth,Crystal Palace,2.0,1.0
2018-10-05,Brighton,West Ham,1.0,0.0
2018-10-06,Burnley,Huddersfield,1.0,1.0
2018-10-06,Crystal Palace,Wolves,0.0,1.0
2018-10-06,Leicester,Everton,1.0,2.0
2018-10-06,Man United,Newcastle,3.0,2.0
2018-10-06,Tottenham,Cardiff,1.0,0.0
2018-10-06,Watford,Bournemouth,0.0,4.0
2018-10-07,Fulham,Arsenal,1.0,5.0
2018-10-07,Liverpool,Man City,0.0,0.0
2018-10-07,Southampton,Chelsea,0.0,3.0
2018-10-20,Bournemouth,Southampton,0.0,0.0
2018-10-20,Cardiff,Fulham,4.0,2.0
2018-10-20,Chelsea,Man United,2.0,2.0
2018-10-20,Huddersfield,Liverpool,0.0,1.0
2018-10-20,Man City,Burnley,5.0,0.0
2018-10-20,Newcastle,Brighton,0.0,1.0
2018-10-20,West Ham,Tottenham,0.0,1.0
2018-10-20,Wolves,Watford,0.0,2.0
2018-10-21,Everton,Crystal Palace,2.0,0.0
2018-10-22,Arsenal,Leicester,3.0,1.0
2018-10-27,Brighton,Wolves,1.0,0.0
2018-10-27,Fulham,Bournemouth,0.0,3.0
2018-10-27,Leicester,West Ham,1.0,1.0
2018-10-27,Liverpool,Cardiff,4.0,1.0
2018-10-27,Southampton,Newcastle,0.0,0.0
2018-10-27,Watford,Huddersfield,3.0,0.0
2018-10-28,Burnley,Chelsea,0.0,4.0
2018-10-28,Crystal Palace,Arsenal,2.0,2.0
2018-10-28,Man United,Everton,2.0,1.0
2018-10-29,Tottenham,Man City,0.0,1.0
2018-11-03,Arsenal,Liverpool,1.0,1.0
2018-11-03,Bournemouth,Man United,1.0,2.0
2018-11-03,Cardiff,Leicester,0.0,1.0
2018-11-03,Everton,Brighton,3.0,1.0
2018-11-03,Newcastle,Watford,1.0,0.0
2018-11-03,West Ham,Burnley,4.0,2.0
2018-11-03,Wolves,Tottenham,2.0,3.0
2018-11-04,Chelsea,Crystal Palace,3.0,1.0
2018-11-04,Man City,Southampton,6.0,1.0
2018-11-05,Huddersfield,Fulham,1.0,0.0
2018-11-10,Cardiff,Brighton,2.0,1.0
2018-11-10,Crystal Palace,Tottenham,0.0,1.0
2018-11-10,Huddersfield,West Ham,1.0,1.0
2018-11-10,Leicester,Burnley,0.0,0.0
2018-11-10,Newcastle,Bournemouth,2.0,1.0
2018-11-10,Southampton,Watford,1.0,1.0
2018-11-11,Arsenal,Wolves,1.0,1.0
2018-11-11,Chelsea,Everton,0.0,0.0
2018-11-11,Liverpool,Fulham,2.0,0.0
2018-11-11,Man City,Man United,3.0,1.0
2018-11-24,Brighton,Leicester,1.0,1.0
2018-11-24,Everton,Cardiff,1.0,0.0
2018-11-24,Fulham,Southampton,3.0,2.0
2018-11-24,Man United,Crystal Palace,0.0,0.0
2018-11-24,Tottenham,Chelsea,3.0,1.0
2018-11-24,Watford,Liverpool,0.0,3.0
2018-11-24,West Ham,Man City,0.0,4.0
2018-11-25,Bournemouth,Arsenal,1.0,2.0
2018-11-25,Wolves,Huddersfield,0.0,2.0
2018-11-26,Burnley,Newcastle,1.0,2.0
2018-11-30,Cardiff,Wolves,2.0,1.0
2018-12-01,Crystal Palace,Burnley,2.0,0.0
2018-12-01,Huddersfield,Brighton,1.0,2.0
2018-12-01,Leicester,Watford,2.0,0.0
2018-12-01,Man City,Bournemouth,3.0,1.0
2018-12-01,Newcastle,West Ham,0.0,3.0
2018-12-01,Southampton,Man United,2.0,2.0
2018-12-02,Arsenal,Tottenham,4.0,2.0
2018-12-02,Chelsea,Fulham,2.0,0.0
2018-12-02,Liverpool,Everton,1.0,0.0
2018-12-04,Bournemouth,Huddersfield,2.0,1.0
2018-12-04,Brighton,Crystal Palace,3.0,1.0
2018-12-04,Watford,Man City,1.0,2.0
2018-12-04,West Ham,Cardiff,3.0,1.0
2018-12-05,Burnley,Liverpool,1.0,3.0
2018-12-05,Everton,Newcastle,1.0,1.0
2018-12-05,Fulham,Leicester,1.0,1.0
2018-12-05,Man United,Arsenal,2.0,2.0
2018-12-05,Tottenham,Southampton,3.0,1.0
2018-12-05,Wolves,Chelsea,2.0,1.0
2018-12-08,Arsenal,Huddersfield,1.0,0.0
2018-12-08,Bournemouth,Liverpool,0.0,4.0
2018-12-08,Burnley,Brighton,1.0,0.0
2018-12-08,Cardiff,Southampton,1.0,0.0
2018-12-08,Chelsea,Man City,2.0,0.0
2018-12-08,Leicester,Tottenham,0.0,2.0
2018-12-08,Man United,Fulham,4.0,1.0
2018-12-08,West Ham,Crystal Palace,3.0,2.0
2018-12-09,Newcastle,Wolves,1.0,2.0
2018-12-10,Everton,Watford,2.0,2.0
2018-12-15,Crystal Palace,Leicester,1.0,0.0
2018-12-15,Fulham,West Ham,0.0,2.0
2018-12-15,Huddersfield,Newcastle,0.0,1.0
2018-12-15,Man City,Everton,3.0,1.0
2018-12-15,Tottenham,Burnley,1.0,0.0
2018-12-15,Watford,Cardiff,3.0,2.0
2018-12-15,Wolves,Bournemouth,2.0,0.0
2018-12-16,Brighton,Chelsea,1.0,2.0
2018-12-16,Liverpool,Man United,3.0,1.0
2018-12-16,Southampton,Arsenal,3.0,2.0
2018-12-21,Wolves,Liverpool,0.0,2.0
2018-12-22,Arsenal,Burnley,3.0,1.0
2018-12-22,Bournemouth,Brighton,2.0,0.0
2018-12-22,Cardiff,Man United,1.0,5.0
2018-12-22,Chelsea,Leicester,0.0,1.0
2018-12-22,Huddersfield,Southampton,1.0,3.0
2018-12-22,Man City,Crystal Palace,2.0,3.0
2018-12-22,Newcastle,Fulham,0.0,0.0
2018-12-22,West Ham,Watford,0.0,2.0
2018-12-23,Everton,Tottenham,2.0,6.0
2018-12-26,Brighton,Arsenal,1.0,1.0
2018-12-26,Burnley,Everton,1.0,5.0
2018-12-26,Crystal Palace,Cardiff,0.0,0.0
2018-12-26,Fulham,Wolves,1.0,1.0
2018-12-26,Leicester,Man City,2.0,1.0
2018-12-26,Liverpool,Newcastle,4.0,0.0
2018-12-26,Man United,Huddersfield,3.0,1.0
2018-12-26,Tottenham,Bournemouth,5.0,0.0
2018-12-26,Watford,Chelsea,1.0,2.0
2018-12-27,Southampton,West Ham,1.0,2.0
2018-12-29,Brighton,Everton,1.0,0.0
2018-12-29,Fulham,Huddersfield,1.0,0.0
2018-12-29,Leicester,Cardiff,0.0,1.0
2018-12-29,Liverpool,Arsenal,5.0,1.0
2018-12-29,Tottenham,Wolves,1.0,3.0
2018-12-29,Watford,Newcastle,1.0,1.0
2018-12-30,Burnley,West Ham,2.0,0.0
2018-12-30,Crystal Palace,Chelsea,0.0,1.0
2018-12-30,Man United,Bournemouth,4.0,1.0
2018-12-30,Southampton,Man City,1.0,3.0
2019-01-01,Arsenal,Fulham,4.0,1.0
2019-01-01,Cardiff,Tottenham,0.0,3.0
2019-01-01,Everton,Leicester,0.0,1.0
2019-01-02,Bournemouth,Watford,3.0,3.0
2019-01-02,Chelsea,Southampton,0.0,0.0
2019-01-02,Huddersfield,Burnley,1.0,2.0
2019-01-02,Newcastle,Man United,0.0,2.0
2019-01-02,West Ham,Brighton,2.0,2.0
2019-01-02,Wolves,Crystal Palace,0.0,2.0
2019-01-03,Man City,Liverpool,2.0,1.0
2019-01-12,Brighton,Liverpool,0.0,1.0
2019-01-12,Burnley,Fulham,2.0,1.0
2019-01-12,Cardiff,Huddersfield,0.0,0.0
2019-01-12,Chelsea,Newcastle,2.0,1.0
2019-01-12,Crystal Palace,Watford,1.0,2.0
2019-01-12,Leicester,Southampton,1.0,2.0
2019-01-12,West Ham,Arsenal,1.0,0.0
2019-01-13,Everton,Bournemouth,2.0,0.0
2019-01-13,Tottenham,Man United,0.0,1.0
2019-01-14,Man City,Wolves,3.0,0.0
2019-01-19,Arsenal,Chelsea,2.0,0.0
2019-01-19,Bournemouth,West Ham,2.0,0.0
2019-01-19,Liverpool,Crystal Palace,4.0,3.0
2019-01-19,Man United,Brighton,2.0,1.0
2019-01-19,Newcastle,Cardiff,3.0,0.0
2019-01-19,Southampton,Everton,2.0,1.0
2019-01-19,Watford,Burnley,0.0,0.0
2019-01-19,Wolves,Leicester,4.0,3.0
2019-01-20,Fulham,Tottenham,1.0,2.0
2019-01-20,Huddersfield,Man City,0.0,3.0
2019-01-29,Arsenal,Cardiff,2.0,1.0
2019-01-29,Fulham,Brighton,4.0,2.0
2019-01-29,Huddersfield,Everton,0.0,1.0
2019-01-29,Man United,Burnley,2.0,2.0
2019-01-29,Newcastle,Man City,2.0,1.0
2019-01-29,Wolves,West Ham,3.0,0.0
2019-01-30,Bournemouth,Chelsea,4.0,0.0
2019-01-30,Liverpool,Leicester,1.0,1.0
2019-01-30,Southampton,Crystal Palace,1.0,1.0
2019-01-30,Tottenham,Watford,2.0,1.0
2019-02-02,Brighton,Watford,0.0,0.0
2019-02-02,Burnley,Southampton,1.0,1.0
2019-02-02,Cardiff,Bournemouth,2.0,0.0
2019-02-02,Chelsea,Huddersfield,5.0,0.0
2019-02-02,Crystal Palace,Fulham,2.0,0.0
2019-02-02,Everton,Wolves,1.0,3.0
2019-02-02,Tottenham,Newcastle,1.0,0.0
2019-02-03,Leicester,Man United,0.0,1.0
2019-02-03,Man City,Arsenal,3.0,1.0
2019-02-04,West Ham,Liverpool,1.0,1.0
2019-02-06,Everton,Man City,0.0,2.0
2019-02-09,Brighton,Burnley,1.0,3.0
2019-02-09,Crystal Palace,West Ham,1.0,1.0
2019-02-09,Fulham,Man United,0.0,3.0
2019-02-09,Huddersfield,Arsenal,1.0,2.0
2019-02-09,Liverpool,Bournemouth,3.0,0.0
2019-02-09,Southampton,Cardiff,1.0,2.0
2019-02-09,Watford,Everton,1.0,0.0
2019-02-10,Man City,Chelsea,6.0,0.0
2019-02-10,Tottenham,Leicester,3.0,1.0
2019-02-11,Wolves,Newcastle,1.0,1.0
2019-02-22,Cardiff,Watford,1.0,5.0
2019-02-22,West Ham,Fulham,3.0,1.0
2019-02-23,Bournemouth,Wolves,1.0,1.0
2019-02-23,Burnley,Tottenham,2.0,1.0
2019-02-23,Leicester,Crystal Palace,1.0,4.0
2019-02-23,Newcastle,Huddersfield,2.0,0.0
2019-02-24,Arsenal,Southampton,2.0,0.0
2019-02-24,Man United,Liverpool,0.0,0.0
2019-02-26,Cardiff,Everton,0.0,3.0
2019-02-26,Huddersfield,Wolves,1.0,0.0
2019-02-26,Leicester,Brighton,2.0,1.0
2019-02-26,Newcastle,Burnley,2.0,0.0
2019-02-27,Arsenal,Bournemouth,5.0,1.0
2019-02-27,Chelsea,Tottenham,2.0,0.0
2019-02-27,Crystal Palace,Man United,1.0,3.0
2019-02-27,Liverpool,Watford,5.0,0.0
2019-02-27,Man City,West Ham,1.0,0.0
2019-02-27,Southampton,Fulham,2.0,0.0
2019-03-02,Bournemouth,Man City,0.0,1.0
2019-03-02,Brighton,Huddersfield,1.0,0.0
2019-03-02,Burnley,Crystal Palace,1.0,3.0
2019-03-02,Man United,Southampton,3.0,2.0
2019-03-02,Tottenham,Arsenal,1.0,1.0
2019-03-02,West Ham,Newcastle,2.0,0.0
2019-03-02,Wolves,Cardiff,2.0,0.0
2019-03-03,Everton,Liverpool,0.0,0.0
2019-03-03,Fulham,Chelsea,1.0,2.0
2019-03-03,Watford,Leicester,2.0,1.0
2019-03-09,Cardiff,West Ham,2.0,0.0
2019-03-09,Crystal Palace,Brighton,1.0,2.0
2019-03-09,Huddersfield,Bournemouth,0.0,2.0
2019-03-09,Leicester,Fulham,3.0,1.0
2019-03-09,Man City,Watford,3.0,1.0
2019-03-09,Newcastle,Everton,3.0,2.0
2019-03-09,Southampton,Tottenham,2.0,1.0
2019-03-10,Arsenal,Man United,2.0,0.0
2019-03-10,Chelsea,Wolves,1.0,1.0
2019-03-10,Liverpool,Burnley,4.0,2.0
2019-03-16,Bournemouth,Newcastle,2.0,2.0
2019-03-16,Burnley,Leicester,1.0,2.0
2019-03-16,West Ham,Huddersfield,4.0,3.0
2019-03-17,Everton,Chelsea,2.0,0.0
2019-03-17,Fulham,Liverpool,1.0,2.0
2019-03-30,Brighton,Southampton,0.0,1.0
2019-03-30,Burnley,Wolves,2.0,0.0
2019-03-30,Crystal Palace,Huddersfield,2.0,0.0
2019-03-30,Fulham,Man City,0.0,2.0
2019-03-30,Leicester,Bournemouth,2.0,0.0
2019-03-30,Man United,Watford,2.0,1.0
2019-03-30,West Ham,Everton,0.0,2.0
2019-03-31,Cardiff,Chelsea,1.0,2.0
2019-03-31,Liverpool,Tottenham,2.0,1.0
2019-04-01,Arsenal,Newcastle,2.0,0.0
2019-04-02,Watford,Fulham,4.0,1.0
2019-04-02,Wolves,Man United,2.0,1.0
2019-04-03,Chelsea,Brighton,3.0,0.0
2019-04-03,Man City,Cardiff,2.0,0.0
2019-04-03,Tottenham,Crystal Palace,2.0,0.0
2019-04-05,Southampton,Liverpool,1.0,3.0
2019-04-06,Bournemouth,Burnley,1.0,3.0
2019-04-06,Huddersfield,Leicester,1.0,4.0
2019-04-06,Newcastle,Crystal Palace,0.0,1.0
2019-04-07,Everton,Arsenal,1.0,0.0
2019-04-08,Chelsea,West Ham,2.0,0.0
2019-04-12,Leicester,Newcastle,0.0,1.0
2019-04-13,Brighton,Bournemouth,0.0,5.0
2019-04-13,Burnley,Cardiff,2.0,0.0
2019-04-13,Fulham,Everton,2.0,0.0
2019-04-13,Man United,West Ham,2.0,1.0
2019-04-13,Southampton,Wolves,3.0,1.0
2019-04-13,Tottenham,Huddersfield,4.0,0.0
2019-04-14,Crystal Palace,Man City,1.0,3.0
2019-04-14,Liverpool,Chelsea,2.0,0.0
2019-04-15,Watford,Arsenal,0.0,1.0
2019-04-16,Brighton,Cardiff,0.0,2.0
2019-04-20,Bournemouth,Fulham,0.0,1.0
2019-04-20,Huddersfield,Watford,1.0,2.0
2019-04-20,Man City,Tottenham,1.0,0.0
2019-04-20,Newcastle,Southampton,3.0,1.0
2019-04-20,West Ham,Leicester,2.0,2.0
2019-04-20,Wolves,Brighton,0.0,0.0
2019-04-21,Arsenal,Crystal Palace,2.0,3.0
2019-04-21,Cardiff,Liverpool,0.0,2.0
2019-04-21,Everton,Man United,4.0,0.0
2019-04-22,Chelsea,Burnley,2.0,2.0
2019-04-23,Tottenham,Brighton,1.0,0.0
2019-04-23,Watford,Southampton,1.0,1.0
2019-04-24,Man United,Man City,0.0,2.0
2019-04-24,Wolves,Arsenal,3.0,1.0
2019-04-26,Liverpool,Huddersfield,5.0,0.0
2019-04-27,Brighton,Newcastle,1.0,1.0
2019-04-27,Crystal Palace,Everton,0.0,0.0
2019-04-27,Fulham,Cardiff,1.0,0.0
2019-04-27,Southampton,Bournemouth,3.0,3.0
2019-04-27,Tottenham,West Ham,0.0,1.0
2019-04-27,Watford,Wolves,1.0,2.0
2019-04-28,Burnley,Man City,0.0,1.0
2019-04-28,Leicester,Arsenal,3.0,0.0
2019-04-28,Man United,Chelsea,1.0,1.0
2019-05-03,Everton,Burnley,2.0,0.0
2019-05-04,Bournemouth,Tottenham,1.0,0.0
2019-05-04,Cardiff,Crystal Palace,2.0,3.0
2019-05-04,Newcastle,Liverpool,2.0,3.0
2019-05-04,West Ham,Southampton,3.0,0.0
2019-05-04,Wolves,Fulham,1.0,0.0
2019-05-05,Arsenal,Brighton,1.0,1.0
2019-05-05,Chelsea,Watford,3.0,0.0
2019-05-05,Huddersfield,Man United,1.0,1.0
2019-05-06,Man City,Leicester,1.0,0.0
2019-05-12,Brighton,Man City,1.0,4.0
2019-05-12,Burnley,Arsenal,1.0,3.0
2019-05-12,Crystal Palace,Bournemouth,5.0,3.0
2019-05-12,Fulham,Newcastle,0.0,4.0
2019-05-12,Leicester,Chelsea,0.0,0.0
2019-05-12,Liverpool,Wolves,2.0,0.0
2019-05-12,Man United,Cardiff,0.0,2.0
2019-05-12,Southampton,Huddersfield,1.0,1.0
2019-05-12,Tottenham,Everton,2.0,2.0
2019-05-12,Watford,West Ham,1.0,4.0
